Near_Miss_ID,Date,Refinery_Unit,Equipment_ID,Work_Type,Department,Near_Miss_Description,PPE_NonCompliance,Supervisor_Negligence,Maintenance_Delay_or_Issue,Repeated_Issue_Ignored,Previous_Similar_Reports,Immediate_Cause,Potential_Consequence,Risk_Level,Corrective_Action,Action_Status,High_Potential_Near_Miss,source_sheet
01_P-001,2025-10-16,Hydrogen Unit,P-305,Preventive Maintenance,Contractor,Worker entered process area without safety helmet,True,False,False,False,2,Equipment degradation,Lost-time injury,Medium,Escalate recurring issue to HSE and management,Open,0,01_PPE_NonCompliance
01_P-002,2025-08-27,Hydrogen Unit,E-207,Routine Operation,HSE,Worker entered process area without safety helmet,True,False,False,False,0,Unsafe condition,Lost-time injury,Low,Implement permanent corrective action,Overdue,0,01_PPE_NonCompliance
01_P-003,2024-08-13,Utilities,V-110,Hot Work,Mechanical Maintenance,Worker bypassed mandatory PPE because task was considered short,True,False,False,False,1,Unsafe condition,Lost-time injury,Low,Increase supervisory monitoring,Closed,0,01_PPE_NonCompliance
01_P-004,2024-04-14,Maintenance Area,C-204,Routine Operation,Contractor,Contractor used damaged safety shoes,True,False,False,False,0,Deferred maintenance,Fire,Medium,Escalate recurring issue to HSE and management,Open,0,01_PPE_NonCompliance
01_P-005,2026-08-02,Sulfur Recovery Unit,CDU-LINE-14,Inspection,Contractor,Technician performed grinding without face shield,True,False,False,False,2,Unsafe act,Equipment damage,Medium,Stop work and enforce PPE,In Progress,0,01_PPE_NonCompliance
01_P-006,2026-03-02,Hydrotreating Unit,E-101,Work at Height,Mechanical Maintenance,Technician performed grinding without face shield,True,False,False,False,0,Inadequate supervision,Hydrocarbon release,Low,Complete overdue inspection,In Progress,0,01_PPE_NonCompliance
01_P-007,2025-11-17,Hydrogen Unit,P-305,Material Handling,Instrumentation,Technician performed grinding without face shield,True,False,False,False,2,Inadequate supervision,Equipment damage,Medium,Implement permanent corrective action,In Progress,0,01_PPE_NonCompliance
01_P-008,2025-12-02,Utilities,C-204,Preventive Maintenance,Mechanical Maintenance,Worker entered process area without safety helmet,True,False,False,False,0,Procedure not followed,Fire,Low,Implement permanent corrective action,Closed,0,01_PPE_NonCompliance
01_P-009,2024-08-05,Hydrotreating Unit,P-305,Inspection,Contractor,Contractor used damaged safety shoes,True,False,False,False,2,Procedure not followed,Lost-time injury,High,Escalate recurring issue to HSE and management,Closed,0,01_PPE_NonCompliance
01_P-010,2026-02-03,FCC,E-207,Material Handling,Operations,Worker bypassed mandatory PPE because task was considered short,True,False,False,False,1,Corrective action not closed,Lost-time injury,Medium,Stop work and enforce PPE,Open,0,01_PPE_NonCompliance
01_P-011,2024-06-05,Utilities,CDU-LINE-14,Material Handling,HSE,Contractor used damaged safety shoes,True,False,False,False,2,Inadequate supervision,Hydrocarbon release,Low,Escalate recurring issue to HSE and management,Open,0,01_PPE_NonCompliance
01_P-012,2025-11-27,Hydrotreating Unit,V-215,Breakdown Maintenance,Instrumentation,Worker removed gloves during maintenance and continued work,True,False,False,False,1,Unsafe act,Minor injury,Medium,Implement permanent corrective action,Closed,0,01_PPE_NonCompliance
01_P-013,2025-05-27,Maintenance Area,C-102,Breakdown Maintenance,Electrical Maintenance,Worker removed gloves during maintenance and continued work,True,False,False,False,0,Corrective action not closed,Equipment damage,Medium,Repair/replace defective equipment,Open,0,01_PPE_NonCompliance
01_P-014,2025-09-05,Hydrotreating Unit,C-102,Routine Operation,Mechanical Maintenance,Worker selected unsuitable respiratory protection for task,True,False,False,False,0,Procedure not followed,Fire,Low,Stop work and enforce PPE,Open,0,01_PPE_NonCompliance
01_P-015,2026-01-19,Tank Farm,E-207,Breakdown Maintenance,Electrical Maintenance,Technician performed grinding without face shield,True,False,False,False,2,Procedure not followed,Lost-time injury,Medium,Increase supervisory monitoring,Overdue,0,01_PPE_NonCompliance
01_P-016,2024-08-04,Loading Bay,E-101,Preventive Maintenance,Mechanical Maintenance,Welder worked without fire-resistant clothing,True,False,False,False,1,Unsafe condition,Hydrocarbon release,Medium,Stop work and enforce PPE,Closed,0,01_PPE_NonCompliance
01_P-017,2024-01-22,CDU,C-102,Preventive Maintenance,Operations,Worker bypassed mandatory PPE because task was considered short,True,False,False,False,0,Corrective action not closed,Minor injury,Low,Complete overdue inspection,Open,0,01_PPE_NonCompliance
01_P-018,2025-06-10,Loading Bay,P-305,Material Handling,Mechanical Maintenance,Welder worked without fire-resistant clothing,True,False,False,False,2,Corrective action not closed,Lost-time injury,High,Review permit and JSA,Overdue,0,01_PPE_NonCompliance
01_P-019,2024-07-13,Utilities,V-215,Material Handling,Contractor,Technician performed grinding without face shield,True,False,False,False,2,Unsafe act,Fire,High,Implement permanent corrective action,Open,0,01_PPE_NonCompliance
01_P-020,2024-03-03,Hydrogen Unit,E-207,Material Handling,Mechanical Maintenance,Worker entered noisy compressor area without hearing protection,True,False,False,False,0,Deferred maintenance,Lost-time injury,Medium,Repair/replace defective equipment,Closed,0,01_PPE_NonCompliance
01_P-021,2025-04-18,Loading Bay,GD-22,Routine Operation,Operations,Technician performed grinding without face shield,True,False,False,False,1,Corrective action not closed,Minor injury,Low,Increase supervisory monitoring,In Progress,0,01_PPE_NonCompliance
01_P-022,2024-06-19,CDU,P-305,Confined Space,Operations,Worker selected unsuitable respiratory protection for task,True,False,False,False,1,Deferred maintenance,Hydrocarbon release,Medium,Complete overdue inspection,Overdue,0,01_PPE_NonCompliance
01_P-023,2024-10-19,Hydrogen Unit,C-204,Inspection,Operations,Worker removed gloves during maintenance and continued work,True,False,False,False,2,Procedure not followed,Lost-time injury,High,Implement permanent corrective action,Open,0,01_PPE_NonCompliance
01_P-024,2026-02-04,Loading Bay,P-305,Routine Operation,HSE,Worker entered process area without safety helmet,True,False,False,False,0,Unsafe act,Equipment damage,High,Increase supervisory monitoring,In Progress,0,01_PPE_NonCompliance
01_P-025,2024-03-11,Hydrogen Unit,CDU-LINE-14,Routine Operation,HSE,Maintenance worker handled chemical line without chemical-resistant gloves,True,False,False,False,1,Unsafe act,Equipment damage,Low,Review permit and JSA,Closed,0,01_PPE_NonCompliance
01_P-026,2026-08-15,Hydrotreating Unit,V-215,Breakdown Maintenance,Contractor,Maintenance worker handled chemical line without chemical-resistant gloves,True,False,False,False,2,Equipment degradation,Lost-time injury,Medium,Complete overdue inspection,Overdue,0,01_PPE_NonCompliance
01_P-027,2024-11-19,Loading Bay,C-102,Hot Work,Mechanical Maintenance,Worker entered process area without safety helmet,True,False,False,False,1,Inadequate supervision,Minor injury,Low,Stop work and enforce PPE,In Progress,0,01_PPE_NonCompliance
01_P-028,2025-01-13,Loading Bay,P-101,Hot Work,Contractor,Worker worked at height without connecting safety harness,True,False,False,False,1,Unsafe act,Equipment damage,Medium,Repair/replace defective equipment,Closed,0,01_PPE_NonCompliance
01_P-029,2024-04-28,Maintenance Area,C-102,Work at Height,Mechanical Maintenance,Worker removed gloves during maintenance and continued work,True,False,False,False,0,Equipment degradation,Fire,Medium,Implement permanent corrective action,Closed,0,01_PPE_NonCompliance
01_P-030,2025-06-01,Hydrotreating Unit,P-101,Routine Operation,Electrical Maintenance,Welder worked without fire-resistant clothing,True,False,False,False,0,Corrective action not closed,Hydrocarbon release,Low,Repair/replace defective equipment,Closed,0,01_PPE_NonCompliance
01_P-031,2024-06-14,CDU,P-204,Preventive Maintenance,Contractor,Worker removed gloves during maintenance and continued work,True,False,False,False,2,Unsafe condition,Equipment damage,High,Escalate recurring issue to HSE and management,Open,0,01_PPE_NonCompliance
01_P-032,2026-05-04,FCC,P-101,Hot Work,Electrical Maintenance,Worker bypassed mandatory PPE because task was considered short,True,False,False,False,2,Corrective action not closed,Hydrocarbon release,Medium,Increase supervisory monitoring,Open,0,01_PPE_NonCompliance
01_P-033,2026-07-09,Sulfur Recovery Unit,PSV-114,Confined Space,HSE,Maintenance worker handled chemical line without chemical-resistant gloves,True,False,False,False,2,Equipment degradation,Minor injury,Medium,Repair/replace defective equipment,In Progress,0,01_PPE_NonCompliance
01_P-034,2026-06-04,Sulfur Recovery Unit,PSV-114,Confined Space,Contractor,Worker worked at height without connecting safety harness,True,False,False,False,1,Corrective action not closed,Lost-time injury,Low,Implement permanent corrective action,In Progress,0,01_PPE_NonCompliance
01_P-035,2024-09-30,Hydrogen Unit,C-102,Material Handling,Electrical Maintenance,Technician performed grinding without face shield,True,False,False,False,1,Inadequate supervision,Hydrocarbon release,Low,Increase supervisory monitoring,In Progress,0,01_PPE_NonCompliance
01_P-036,2024-08-16,VDU,PSV-114,Hot Work,Electrical Maintenance,Maintenance worker handled chemical line without chemical-resistant gloves,True,False,False,False,1,Equipment degradation,Fire,Medium,Escalate recurring issue to HSE and management,Overdue,0,01_PPE_NonCompliance
01_P-037,2025-11-26,Maintenance Area,C-204,Routine Operation,Operations,Worker entered process area without safety helmet,True,False,False,False,0,Procedure not followed,Lost-time injury,Medium,Review permit and JSA,Closed,0,01_PPE_NonCompliance
01_P-038,2026-01-16,Maintenance Area,C-102,Hot Work,Operations,Contractor used damaged safety shoes,True,False,False,False,2,Equipment degradation,Hydrocarbon release,Low,Review permit and JSA,Open,0,01_PPE_NonCompliance
01_P-039,2025-06-16,Maintenance Area,V-110,Preventive Maintenance,Contractor,Worker entered noisy compressor area without hearing protection,True,False,False,False,1,Inadequate supervision,Fire,Low,Escalate recurring issue to HSE and management,Closed,0,01_PPE_NonCompliance
01_P-040,2025-11-13,FCC,C-102,Confined Space,Contractor,Worker entered noisy compressor area without hearing protection,True,False,False,False,1,Deferred maintenance,Equipment damage,Medium,Implement permanent corrective action,In Progress,0,01_PPE_NonCompliance
01_P-041,2025-09-22,Hydrotreating Unit,C-102,Confined Space,HSE,Contractor used damaged safety shoes,True,False,False,False,2,Procedure not followed,Fire,Low,Implement permanent corrective action,Closed,0,01_PPE_NonCompliance
01_P-042,2025-04-21,Tank Farm,PSV-114,Breakdown Maintenance,Contractor,Worker selected unsuitable respiratory protection for task,True,False,False,False,2,Unsafe act,Equipment damage,Medium,Complete overdue inspection,Closed,0,01_PPE_NonCompliance
01_P-043,2024-04-05,CDU,P-101,Inspection,Instrumentation,Welder worked without fire-resistant clothing,True,False,False,False,0,Procedure not followed,Lost-time injury,Medium,Increase supervisory monitoring,Open,0,01_PPE_NonCompliance
01_P-044,2025-04-11,Utilities,C-102,Breakdown Maintenance,Contractor,Worker bypassed mandatory PPE because task was considered short,True,False,False,False,0,Equipment degradation,Hydrocarbon release,High,Stop work and enforce PPE,Open,0,01_PPE_NonCompliance
01_P-045,2026-03-08,Loading Bay,C-102,Preventive Maintenance,Instrumentation,Maintenance worker handled chemical line without chemical-resistant gloves,True,False,False,False,0,Unsafe condition,Minor injury,High,Increase supervisory monitoring,Overdue,0,01_PPE_NonCompliance
01_P-046,2025-11-14,Tank Farm,P-305,Material Handling,Instrumentation,Worker selected unsuitable respiratory protection for task,True,False,False,False,2,Inadequate supervision,Equipment damage,High,Increase supervisory monitoring,In Progress,0,01_PPE_NonCompliance
01_P-047,2026-05-10,Tank Farm,P-204,Hot Work,Mechanical Maintenance,Worker removed gloves during maintenance and continued work,True,False,False,False,1,Inadequate supervision,Fire,Medium,Complete overdue inspection,Closed,0,01_PPE_NonCompliance
01_P-048,2026-07-03,FCC,TK-302,Inspection,Operations,Worker worked at height without connecting safety harness,True,False,False,False,0,Deferred maintenance,Hydrocarbon release,Medium,Review permit and JSA,Closed,0,01_PPE_NonCompliance
01_P-049,2025-07-09,Utilities,PSV-114,Routine Operation,HSE,Contractor used damaged safety shoes,True,False,False,False,0,Deferred maintenance,Hydrocarbon release,Medium,Review permit and JSA,Open,0,01_PPE_NonCompliance
01_P-050,2026-08-23,Loading Bay,PSV-114,Inspection,Instrumentation,Welder worked without fire-resistant clothing,True,False,False,False,1,Unsafe condition,Equipment damage,High,Complete overdue inspection,Overdue,0,01_PPE_NonCompliance
01_P-051,2025-05-12,Tank Farm,P-305,Routine Operation,Instrumentation,Contractor used damaged safety shoes,True,False,False,False,1,Procedure not followed,Lost-time injury,High,Escalate recurring issue to HSE and management,Open,0,01_PPE_NonCompliance
01_P-052,2024-03-26,Hydrotreating Unit,V-215,Work at Height,Mechanical Maintenance,Worker worked at height without connecting safety harness,True,False,False,False,1,Deferred maintenance,Minor injury,Medium,Complete overdue inspection,Closed,0,01_PPE_NonCompliance
01_P-053,2026-02-18,Tank Farm,P-101,Routine Operation,Electrical Maintenance,Welder worked without fire-resistant clothing,True,False,False,False,1,Unsafe condition,Minor injury,Medium,Implement permanent corrective action,Open,0,01_PPE_NonCompliance
01_P-054,2026-03-10,Maintenance Area,P-305,Inspection,Mechanical Maintenance,Worker entered process area without safety helmet,True,False,False,False,0,Deferred maintenance,Minor injury,Medium,Implement permanent corrective action,Open,0,01_PPE_NonCompliance
01_P-055,2025-07-31,FCC,CDU-LINE-14,Preventive Maintenance,Mechanical Maintenance,Worker selected unsuitable respiratory protection for task,True,False,False,False,2,Inadequate supervision,Fire,Medium,Stop work and enforce PPE,Open,0,01_PPE_NonCompliance
01_P-056,2026-08-09,Hydrogen Unit,P-204,Inspection,Operations,Worker bypassed mandatory PPE because task was considered short,True,False,False,False,2,Equipment degradation,Hydrocarbon release,High,Increase supervisory monitoring,Closed,0,01_PPE_NonCompliance
01_P-057,2026-05-20,Utilities,FCC-LINE-08,Work at Height,Operations,Worker bypassed mandatory PPE because task was considered short,True,False,False,False,0,Procedure not followed,Equipment damage,Medium,Implement permanent corrective action,Closed,0,01_PPE_NonCompliance
01_P-058,2024-01-13,Tank Farm,TK-302,Breakdown Maintenance,Instrumentation,Worker selected unsuitable respiratory protection for task,True,False,False,False,0,Unsafe condition,Fire,High,Implement permanent corrective action,Closed,0,01_PPE_NonCompliance
01_P-059,2025-09-22,Hydrogen Unit,GD-22,Preventive Maintenance,Electrical Maintenance,Worker selected unsuitable respiratory protection for task,True,False,False,False,1,Deferred maintenance,Fire,Medium,Repair/replace defective equipment,Overdue,0,01_PPE_NonCompliance
01_P-060,2025-08-06,FCC,E-101,Inspection,Electrical Maintenance,Worker entered noisy compressor area without hearing protection,True,False,False,False,0,Corrective action not closed,Fire,High,Complete overdue inspection,Closed,0,01_PPE_NonCompliance
01_P-061,2024-10-13,Hydrogen Unit,TK-302,Confined Space,Instrumentation,Worker removed gloves during maintenance and continued work,True,False,False,False,0,Procedure not followed,Minor injury,Medium,Increase supervisory monitoring,In Progress,0,01_PPE_NonCompliance
01_P-062,2025-12-08,Hydrotreating Unit,C-102,Confined Space,Contractor,Worker selected unsuitable respiratory protection for task,True,False,False,False,1,Unsafe condition,Minor injury,Low,Complete overdue inspection,Closed,0,01_PPE_NonCompliance
01_P-063,2025-04-29,Tank Farm,C-204,Hot Work,Electrical Maintenance,Contractor used damaged safety shoes,True,False,False,False,2,Unsafe condition,Fire,Medium,Stop work and enforce PPE,In Progress,0,01_PPE_NonCompliance
01_P-064,2024-11-19,Hydrogen Unit,TK-302,Material Handling,Electrical Maintenance,Worker removed gloves during maintenance and continued work,True,False,False,False,2,Equipment degradation,Lost-time injury,Medium,Escalate recurring issue to HSE and management,Closed,0,01_PPE_NonCompliance
01_P-065,2024-04-12,Hydrotreating Unit,P-101,Breakdown Maintenance,Electrical Maintenance,Welder worked without fire-resistant clothing,True,False,False,False,0,Unsafe act,Lost-time injury,Medium,Stop work and enforce PPE,Closed,0,01_PPE_NonCompliance
01_P-066,2025-12-15,Hydrotreating Unit,E-101,Material Handling,Instrumentation,Worker selected unsuitable respiratory protection for task,True,False,False,False,0,Inadequate supervision,Equipment damage,Low,Repair/replace defective equipment,Open,0,01_PPE_NonCompliance
01_P-067,2024-09-15,VDU,CDU-LINE-14,Routine Operation,Mechanical Maintenance,Technician performed grinding without face shield,True,False,False,False,0,Unsafe condition,Hydrocarbon release,High,Increase supervisory monitoring,Closed,0,01_PPE_NonCompliance
01_P-068,2024-03-28,Maintenance Area,PSV-114,Inspection,HSE,Technician performed grinding without face shield,True,False,False,False,2,Deferred maintenance,Equipment damage,High,Review permit and JSA,Overdue,0,01_PPE_NonCompliance
01_P-069,2024-10-31,VDU,PSV-114,Inspection,Contractor,Welder worked without fire-resistant clothing,True,False,False,False,2,Unsafe condition,Equipment damage,Low,Complete overdue inspection,Open,0,01_PPE_NonCompliance
01_P-070,2024-06-09,CDU,V-215,Material Handling,Contractor,Worker worked at height without connecting safety harness,True,False,False,False,2,Procedure not followed,Lost-time injury,Low,Review permit and JSA,Closed,0,01_PPE_NonCompliance
01_P-071,2024-02-03,VDU,FCC-LINE-08,Inspection,Electrical Maintenance,Welder worked without fire-resistant clothing,True,False,False,False,2,Corrective action not closed,Hydrocarbon release,Medium,Increase supervisory monitoring,In Progress,0,01_PPE_NonCompliance
01_P-072,2025-03-11,FCC,P-204,Routine Operation,Mechanical Maintenance,Worker removed gloves during maintenance and continued work,True,False,False,False,0,Corrective action not closed,Fire,Medium,Complete overdue inspection,Closed,0,01_PPE_NonCompliance
01_P-073,2025-03-25,Hydrotreating Unit,E-207,Material Handling,Instrumentation,Worker selected unsuitable respiratory protection for task,True,False,False,False,2,Unsafe act,Hydrocarbon release,Medium,Escalate recurring issue to HSE and management,Open,0,01_PPE_NonCompliance
01_P-074,2026-06-29,VDU,C-102,Routine Operation,Contractor,Worker entered noisy compressor area without hearing protection,True,False,False,False,2,Corrective action not closed,Minor injury,Medium,Complete overdue inspection,Open,0,01_PPE_NonCompliance
01_P-075,2026-02-20,FCC,CDU-LINE-14,Confined Space,Contractor,Worker selected unsuitable respiratory protection for task,True,False,False,False,2,Corrective action not closed,Fire,High,Review permit and JSA,Open,0,01_PPE_NonCompliance
01_S-001,2025-04-26,FCC,V-110,Confined Space,Contractor,Repeated contractor PPE violations were not escalated,False,True,False,False,1,Deferred maintenance,Minor injury,Medium,Complete overdue inspection,Overdue,0,01_Supervisor_Negligence
01_S-002,2026-04-13,Sulfur Recovery Unit,P-204,Confined Space,HSE,Work continued after permit expiry,False,True,False,False,0,Corrective action not closed,Fire,Medium,Stop work and enforce PPE,Overdue,0,01_Supervisor_Negligence
01_S-003,2025-02-27,Tank Farm,FCC-LINE-08,Material Handling,Operations,Welding continued near hydrocarbon equipment without adequate controls,False,True,False,False,2,Unsafe condition,Equipment damage,Medium,Complete overdue inspection,In Progress,0,01_Supervisor_Negligence
01_S-004,2026-08-07,CDU,FCC-LINE-08,Inspection,Contractor,Work continued after permit expiry,False,True,False,False,2,Unsafe condition,Minor injury,High,Complete overdue inspection,Open,0,01_Supervisor_Negligence
01_S-005,2025-07-19,VDU,FCC-LINE-08,Breakdown Maintenance,Instrumentation,Hot work continued before required gas test was completed,False,True,False,False,0,Equipment degradation,Hydrocarbon release,Low,Complete overdue inspection,Closed,0,01_Supervisor_Negligence
01_S-006,2025-03-01,FCC,V-215,Inspection,HSE,Work continued after permit expiry,False,True,False,False,0,Procedure not followed,Equipment damage,High,Implement permanent corrective action,In Progress,0,01_Supervisor_Negligence
01_S-007,2026-06-03,Hydrotreating Unit,GD-22,Routine Operation,Electrical Maintenance,Confined-space work continued without continuous attendant supervision,False,True,False,False,1,Equipment degradation,Equipment damage,Medium,Complete overdue inspection,Overdue,0,01_Supervisor_Negligence
01_S-008,2026-06-05,Sulfur Recovery Unit,E-207,Confined Space,Instrumentation,Work continued after permit expiry,False,True,False,False,2,Inadequate supervision,Fire,High,Increase supervisory monitoring,In Progress,0,01_Supervisor_Negligence
01_S-009,2025-12-15,CDU,V-110,Material Handling,Contractor,Abnormal equipment vibration was reported but operation continued,False,True,False,False,1,Corrective action not closed,Hydrocarbon release,Medium,Review permit and JSA,Overdue,0,01_Supervisor_Negligence
01_S-010,2025-11-10,Maintenance Area,V-110,Preventive Maintenance,Instrumentation,Work continued after permit expiry,False,True,False,False,0,Unsafe act,Equipment damage,Medium,Escalate recurring issue to HSE and management,Overdue,0,01_Supervisor_Negligence
01_S-011,2024-01-16,Tank Farm,PSV-114,Hot Work,Electrical Maintenance,Repeated contractor PPE violations were not escalated,False,True,False,False,2,Procedure not followed,Minor injury,Medium,Implement permanent corrective action,Overdue,0,01_Supervisor_Negligence
01_S-012,2025-10-27,Tank Farm,GD-22,Routine Operation,HSE,Lifting operation continued despite unsafe weather conditions,False,True,False,False,2,Unsafe act,Fire,High,Repair/replace defective equipment,Closed,0,01_Supervisor_Negligence
01_S-013,2024-08-20,FCC,TK-302,Hot Work,Operations,Repeated contractor PPE violations were not escalated,False,True,False,False,0,Unsafe act,Hydrocarbon release,Low,Complete overdue inspection,Open,0,01_Supervisor_Negligence
01_S-014,2024-10-27,Loading Bay,V-215,Breakdown Maintenance,Mechanical Maintenance,Lifting operation continued despite unsafe weather conditions,False,True,False,False,1,Unsafe condition,Lost-time injury,Medium,Stop work and enforce PPE,Overdue,0,01_Supervisor_Negligence
01_S-015,2025-09-26,Tank Farm,FCC-LINE-08,Hot Work,Instrumentation,Work continued after permit expiry,False,True,False,False,2,Inadequate supervision,Lost-time injury,Medium,Implement permanent corrective action,Open,0,01_Supervisor_Negligence
01_S-016,2026-07-09,Tank Farm,V-110,Hot Work,Contractor,Confined-space work continued without continuous attendant supervision,False,True,False,False,2,Deferred maintenance,Minor injury,Medium,Implement permanent corrective action,Closed,0,01_Supervisor_Negligence
01_S-017,2025-04-12,Hydrogen Unit,V-215,Work at Height,HSE,Welding continued near hydrocarbon equipment without adequate controls,False,True,False,False,1,Inadequate supervision,Minor injury,High,Implement permanent corrective action,Closed,0,01_Supervisor_Negligence
01_S-018,2024-01-23,Tank Farm,GD-22,Hot Work,Mechanical Maintenance,Confined-space work continued without continuous attendant supervision,False,True,False,False,0,Procedure not followed,Equipment damage,Low,Increase supervisory monitoring,Closed,0,01_Supervisor_Negligence
01_S-019,2024-08-12,CDU,C-204,Material Handling,Operations,Abnormal equipment vibration was reported but operation continued,False,True,False,False,1,Procedure not followed,Minor injury,Medium,Complete overdue inspection,In Progress,0,01_Supervisor_Negligence
01_S-020,2024-04-02,Hydrogen Unit,P-305,Work at Height,HSE,Lifting operation continued despite unsafe weather conditions,False,True,False,False,2,Procedure not followed,Lost-time injury,High,Complete overdue inspection,In Progress,0,01_Supervisor_Negligence
01_S-021,2024-09-20,Tank Farm,P-204,Breakdown Maintenance,Mechanical Maintenance,Confined-space work continued without continuous attendant supervision,False,True,False,False,2,Corrective action not closed,Minor injury,Medium,Implement permanent corrective action,Overdue,0,01_Supervisor_Negligence
01_S-022,2026-05-16,Loading Bay,P-204,Material Handling,Electrical Maintenance,Hot work continued before required gas test was completed,False,True,False,False,1,Equipment degradation,Fire,Low,Implement permanent corrective action,Closed,0,01_Supervisor_Negligence
01_S-023,2025-08-21,CDU,CDU-LINE-14,Work at Height,HSE,Lifting operation continued despite unsafe weather conditions,False,True,False,False,0,Unsafe condition,Hydrocarbon release,Medium,Implement permanent corrective action,Open,0,01_Supervisor_Negligence
01_S-024,2025-10-12,FCC,P-101,Routine Operation,Electrical Maintenance,Confined-space work continued without continuous attendant supervision,False,True,False,False,2,Deferred maintenance,Minor injury,High,Stop work and enforce PPE,Open,0,01_Supervisor_Negligence
01_S-025,2024-08-28,Utilities,CDU-LINE-14,Breakdown Maintenance,Instrumentation,Repeated contractor PPE violations were not escalated,False,True,False,False,1,Equipment degradation,Equipment damage,Medium,Stop work and enforce PPE,Overdue,0,01_Supervisor_Negligence
01_S-026,2025-09-22,Tank Farm,E-101,Inspection,Electrical Maintenance,Confined-space work continued without continuous attendant supervision,False,True,False,False,0,Unsafe act,Lost-time injury,Medium,Implement permanent corrective action,Closed,0,01_Supervisor_Negligence
01_S-027,2025-07-11,VDU,GD-22,Material Handling,Operations,Supervisor observed missing PPE but allowed work to continue,False,True,False,False,1,Equipment degradation,Lost-time injury,Medium,Repair/replace defective equipment,Open,0,01_Supervisor_Negligence
01_S-028,2024-02-21,Loading Bay,C-102,Inspection,Mechanical Maintenance,Welding continued near hydrocarbon equipment without adequate controls,False,True,False,False,0,Inadequate supervision,Minor injury,Medium,Increase supervisory monitoring,In Progress,0,01_Supervisor_Negligence
01_S-029,2026-03-18,Hydrotreating Unit,PSV-114,Breakdown Maintenance,Operations,Confined-space work continued without continuous attendant supervision,False,True,False,False,0,Equipment degradation,Equipment damage,Medium,Increase supervisory monitoring,Open,0,01_Supervisor_Negligence
01_S-030,2024-05-14,FCC,C-204,Routine Operation,Mechanical Maintenance,Lifting operation continued despite unsafe weather conditions,False,True,False,False,0,Equipment degradation,Minor injury,Medium,Review permit and JSA,Open,0,01_Supervisor_Negligence
01_S-031,2026-02-02,Maintenance Area,P-204,Material Handling,HSE,Work continued after permit expiry,False,True,False,False,1,Unsafe condition,Equipment damage,Medium,Escalate recurring issue to HSE and management,Open,0,01_Supervisor_Negligence
01_S-032,2026-01-14,Tank Farm,GD-22,Confined Space,Instrumentation,Work continued after permit expiry,False,True,False,False,2,Equipment degradation,Minor injury,Low,Stop work and enforce PPE,Overdue,0,01_Supervisor_Negligence
01_S-033,2025-12-30,FCC,P-204,Breakdown Maintenance,Electrical Maintenance,Hot work continued before required gas test was completed,False,True,False,False,0,Procedure not followed,Equipment damage,Medium,Implement permanent corrective action,Closed,0,01_Supervisor_Negligence
01_S-034,2025-01-25,VDU,GD-22,Inspection,Instrumentation,Work continued after permit expiry,False,True,False,False,2,Deferred maintenance,Minor injury,High,Repair/replace defective equipment,Overdue,0,01_Supervisor_Negligence
01_S-035,2024-12-13,Utilities,V-110,Hot Work,Electrical Maintenance,Repeated contractor PPE violations were not escalated,False,True,False,False,1,Unsafe condition,Fire,Low,Implement permanent corrective action,Overdue,0,01_Supervisor_Negligence
01_S-036,2024-03-09,Sulfur Recovery Unit,PSV-114,Breakdown Maintenance,HSE,Hot work continued before required gas test was completed,False,True,False,False,0,Unsafe act,Minor injury,High,Escalate recurring issue to HSE and management,Closed,0,01_Supervisor_Negligence
01_S-037,2025-11-17,Hydrotreating Unit,CDU-LINE-14,Hot Work,Electrical Maintenance,Repeated contractor PPE violations were not escalated,False,True,False,False,1,Unsafe act,Minor injury,High,Escalate recurring issue to HSE and management,In Progress,0,01_Supervisor_Negligence
01_S-038,2024-06-07,Sulfur Recovery Unit,P-204,Hot Work,HSE,Welding continued near hydrocarbon equipment without adequate controls,False,True,False,False,0,Unsafe condition,Equipment damage,Medium,Increase supervisory monitoring,Overdue,0,01_Supervisor_Negligence
01_S-039,2026-05-15,FCC,C-204,Hot Work,Electrical Maintenance,Abnormal equipment vibration was reported but operation continued,False,True,False,False,2,Inadequate supervision,Minor injury,Medium,Stop work and enforce PPE,In Progress,0,01_Supervisor_Negligence
01_S-040,2026-06-09,FCC,TK-302,Routine Operation,Operations,Abnormal equipment vibration was reported but operation continued,False,True,False,False,2,Equipment degradation,Minor injury,High,Escalate recurring issue to HSE and management,In Progress,0,01_Supervisor_Negligence
01_S-041,2025-01-20,Hydrotreating Unit,TK-302,Work at Height,HSE,Work continued after permit expiry,False,True,False,False,1,Procedure not followed,Fire,Medium,Stop work and enforce PPE,Open,0,01_Supervisor_Negligence
01_S-042,2024-06-08,Tank Farm,FCC-LINE-08,Confined Space,Instrumentation,Abnormal equipment vibration was reported but operation continued,False,True,False,False,0,Procedure not followed,Fire,Low,Review permit and JSA,Overdue,0,01_Supervisor_Negligence
01_S-043,2024-10-06,VDU,C-204,Material Handling,HSE,Minor leakage was observed but work was allowed to continue,False,True,False,False,0,Equipment degradation,Hydrocarbon release,Medium,Complete overdue inspection,Open,0,01_Supervisor_Negligence
01_S-044,2024-08-13,Hydrotreating Unit,C-102,Breakdown Maintenance,Electrical Maintenance,Abnormal equipment vibration was reported but operation continued,False,True,False,False,0,Inadequate supervision,Lost-time injury,Low,Complete overdue inspection,Open,0,01_Supervisor_Negligence
01_S-045,2024-01-08,Loading Bay,TK-302,Inspection,HSE,Repeated contractor PPE violations were not escalated,False,True,False,False,0,Procedure not followed,Hydrocarbon release,Medium,Increase supervisory monitoring,Closed,0,01_Supervisor_Negligence
01_S-046,2024-03-14,VDU,GD-22,Work at Height,HSE,Supervisor observed missing PPE but allowed work to continue,False,True,False,False,1,Deferred maintenance,Hydrocarbon release,Low,Escalate recurring issue to HSE and management,Overdue,0,01_Supervisor_Negligence
01_S-047,2025-12-27,Sulfur Recovery Unit,P-305,Material Handling,Contractor,Confined-space work continued without continuous attendant supervision,False,True,False,False,0,Inadequate supervision,Minor injury,High,Stop work and enforce PPE,Overdue,0,01_Supervisor_Negligence
01_S-048,2026-05-14,VDU,V-215,Hot Work,Contractor,Welding continued near hydrocarbon equipment without adequate controls,False,True,False,False,1,Inadequate supervision,Equipment damage,High,Repair/replace defective equipment,Closed,0,01_Supervisor_Negligence
01_S-049,2026-03-08,Loading Bay,C-102,Work at Height,Electrical Maintenance,Hot work continued before required gas test was completed,False,True,False,False,2,Equipment degradation,Equipment damage,Low,Increase supervisory monitoring,In Progress,0,01_Supervisor_Negligence
01_S-050,2024-08-29,Maintenance Area,P-305,Preventive Maintenance,Mechanical Maintenance,Maintenance continued without confirmed isolation,False,True,False,False,1,Corrective action not closed,Lost-time injury,Medium,Implement permanent corrective action,Overdue,0,01_Supervisor_Negligence
01_S-051,2025-04-20,FCC,E-101,Preventive Maintenance,Instrumentation,Abnormal equipment vibration was reported but operation continued,False,True,False,False,2,Deferred maintenance,Fire,Medium,Implement permanent corrective action,Closed,0,01_Supervisor_Negligence
01_S-052,2026-03-26,VDU,C-204,Material Handling,Instrumentation,Abnormal equipment vibration was reported but operation continued,False,True,False,False,0,Unsafe act,Equipment damage,Medium,Stop work and enforce PPE,Closed,0,01_Supervisor_Negligence
01_S-053,2026-05-01,Maintenance Area,E-207,Confined Space,Instrumentation,Hot work continued before required gas test was completed,False,True,False,False,2,Procedure not followed,Equipment damage,Low,Escalate recurring issue to HSE and management,Open,0,01_Supervisor_Negligence
01_S-054,2025-04-05,FCC,P-101,Material Handling,Operations,Lifting operation continued despite unsafe weather conditions,False,True,False,False,2,Corrective action not closed,Equipment damage,High,Increase supervisory monitoring,Closed,0,01_Supervisor_Negligence
01_S-055,2026-01-01,Hydrogen Unit,TK-302,Material Handling,Instrumentation,Minor leakage was observed but work was allowed to continue,False,True,False,False,2,Procedure not followed,Minor injury,Medium,Escalate recurring issue to HSE and management,In Progress,0,01_Supervisor_Negligence
01_S-056,2025-01-07,Maintenance Area,P-101,Work at Height,Operations,Confined-space work continued without continuous attendant supervision,False,True,False,False,1,Inadequate supervision,Fire,High,Stop work and enforce PPE,Overdue,0,01_Supervisor_Negligence
01_S-057,2024-10-17,Maintenance Area,FCC-LINE-08,Breakdown Maintenance,Electrical Maintenance,Abnormal equipment vibration was reported but operation continued,False,True,False,False,0,Inadequate supervision,Minor injury,Medium,Implement permanent corrective action,Overdue,0,01_Supervisor_Negligence
01_S-058,2024-05-12,FCC,FCC-LINE-08,Preventive Maintenance,Contractor,Confined-space work continued without continuous attendant supervision,False,True,False,False,2,Equipment degradation,Fire,High,Review permit and JSA,Closed,0,01_Supervisor_Negligence
01_S-059,2024-01-19,Tank Farm,C-102,Inspection,Mechanical Maintenance,Confined-space work continued without continuous attendant supervision,False,True,False,False,0,Unsafe condition,Fire,Medium,Stop work and enforce PPE,Closed,0,01_Supervisor_Negligence
01_S-060,2026-05-14,Maintenance Area,P-305,Confined Space,Mechanical Maintenance,Minor leakage was observed but work was allowed to continue,False,True,False,False,2,Unsafe condition,Fire,Low,Repair/replace defective equipment,In Progress,0,01_Supervisor_Negligence
01_S-061,2026-01-08,Tank Farm,CDU-LINE-14,Hot Work,Contractor,Supervisor observed missing PPE but allowed work to continue,False,True,False,False,1,Corrective action not closed,Lost-time injury,Medium,Review permit and JSA,In Progress,0,01_Supervisor_Negligence
01_S-062,2025-06-30,Maintenance Area,E-101,Material Handling,Electrical Maintenance,Confined-space work continued without continuous attendant supervision,False,True,False,False,1,Corrective action not closed,Fire,Medium,Review permit and JSA,Overdue,0,01_Supervisor_Negligence
01_S-063,2024-06-14,Tank Farm,GD-22,Work at Height,HSE,Abnormal equipment vibration was reported but operation continued,False,True,False,False,0,Unsafe act,Minor injury,Medium,Implement permanent corrective action,Open,0,01_Supervisor_Negligence
01_S-064,2024-10-18,FCC,GD-22,Confined Space,Operations,Maintenance continued without confirmed isolation,False,True,False,False,1,Unsafe condition,Equipment damage,High,Increase supervisory monitoring,Overdue,0,01_Supervisor_Negligence
01_S-065,2026-06-24,Loading Bay,V-110,Inspection,Instrumentation,Supervisor observed missing PPE but allowed work to continue,False,True,False,False,1,Unsafe act,Hydrocarbon release,Low,Complete overdue inspection,In Progress,0,01_Supervisor_Negligence
01_S-066,2024-01-29,FCC,P-101,Hot Work,Instrumentation,Hot work continued before required gas test was completed,False,True,False,False,2,Equipment degradation,Lost-time injury,Medium,Increase supervisory monitoring,In Progress,0,01_Supervisor_Negligence
01_S-067,2026-02-16,CDU,C-204,Inspection,Mechanical Maintenance,Work continued after permit expiry,False,True,False,False,2,Procedure not followed,Minor injury,Low,Implement permanent corrective action,Overdue,0,01_Supervisor_Negligence
01_S-068,2024-04-23,Hydrogen Unit,V-215,Material Handling,Operations,Welding continued near hydrocarbon equipment without adequate controls,False,True,False,False,1,Unsafe act,Minor injury,Low,Increase supervisory monitoring,Overdue,0,01_Supervisor_Negligence
01_S-069,2025-09-03,Hydrotreating Unit,V-215,Routine Operation,HSE,Minor leakage was observed but work was allowed to continue,False,True,False,False,2,Inadequate supervision,Lost-time injury,Medium,Repair/replace defective equipment,Overdue,0,01_Supervisor_Negligence
01_S-070,2024-07-10,Loading Bay,E-207,Routine Operation,Instrumentation,Minor leakage was observed but work was allowed to continue,False,True,False,False,1,Corrective action not closed,Equipment damage,Low,Review permit and JSA,Open,0,01_Supervisor_Negligence
01_S-071,2025-10-12,VDU,V-110,Inspection,Contractor,Lifting operation continued despite unsafe weather conditions,False,True,False,False,1,Equipment degradation,Fire,Low,Implement permanent corrective action,Open,0,01_Supervisor_Negligence
01_S-072,2026-03-01,Sulfur Recovery Unit,GD-22,Breakdown Maintenance,Contractor,Maintenance continued without confirmed isolation,False,True,False,False,0,Deferred maintenance,Equipment damage,Medium,Implement permanent corrective action,Overdue,0,01_Supervisor_Negligence
01_S-073,2025-10-08,Hydrotreating Unit,C-102,Routine Operation,Mechanical Maintenance,Maintenance continued without confirmed isolation,False,True,False,False,0,Unsafe act,Minor injury,High,Complete overdue inspection,Closed,0,01_Supervisor_Negligence
01_S-074,2025-06-11,Hydrogen Unit,C-204,Work at Height,Operations,Minor leakage was observed but work was allowed to continue,False,True,False,False,1,Corrective action not closed,Minor injury,Medium,Implement permanent corrective action,Closed,0,01_Supervisor_Negligence
01_S-075,2024-10-06,Utilities,V-110,Breakdown Maintenance,Instrumentation,Lifting operation continued despite unsafe weather conditions,False,True,False,False,1,Equipment degradation,Hydrocarbon release,High,Review permit and JSA,Closed,0,01_Supervisor_Negligence
01_M-001,2026-08-04,Utilities,CDU-LINE-14,Breakdown Maintenance,HSE,Pump abnormal vibration inspection was postponed,False,False,True,False,2,Inadequate supervision,Minor injury,High,Complete overdue inspection,Open,0,01_Maintenance_Delay_or_Issue
01_M-002,2024-03-22,Utilities,P-305,Material Handling,Electrical Maintenance,Pressure safety valve inspection was overdue,False,False,True,False,1,Deferred maintenance,Equipment damage,High,Stop work and enforce PPE,Closed,0,01_Maintenance_Delay_or_Issue
01_M-003,2025-09-21,Utilities,V-110,Breakdown Maintenance,Operations,Pressure safety valve inspection was overdue,False,False,True,False,2,Unsafe condition,Minor injury,Low,Increase supervisory monitoring,Overdue,0,01_Maintenance_Delay_or_Issue
01_M-004,2024-02-05,Utilities,CDU-LINE-14,Routine Operation,HSE,Pump abnormal vibration inspection was postponed,False,False,True,False,0,Unsafe condition,Fire,Medium,Implement permanent corrective action,Overdue,0,01_Maintenance_Delay_or_Issue
01_M-005,2026-08-29,FCC,E-207,Work at Height,Instrumentation,Cooling-water restriction remained unresolved,False,False,True,False,1,Inadequate supervision,Equipment damage,Low,Implement permanent corrective action,Closed,0,01_Maintenance_Delay_or_Issue
01_M-006,2024-09-12,Loading Bay,V-215,Preventive Maintenance,Electrical Maintenance,Hydrocarbon leakage from process pipeline flange remained pending for repair,False,False,True,False,2,Corrective action not closed,Hydrocarbon release,Medium,Complete overdue inspection,Overdue,0,01_Maintenance_Delay_or_Issue
01_M-007,2024-08-07,VDU,E-101,Breakdown Maintenance,Contractor,Emergency shutdown button was defective and replacement was delayed,False,False,True,False,0,Deferred maintenance,Lost-time injury,Low,Stop work and enforce PPE,Closed,0,01_Maintenance_Delay_or_Issue
01_M-008,2025-11-14,FCC,TK-302,Breakdown Maintenance,Electrical Maintenance,Pump abnormal vibration inspection was postponed,False,False,True,False,2,Procedure not followed,Fire,Medium,Repair/replace defective equipment,Open,0,01_Maintenance_Delay_or_Issue
01_M-009,2024-07-24,Loading Bay,CDU-LINE-14,Work at Height,Instrumentation,Corrosion on process pipeline was identified but repair was deferred,False,False,True,False,1,Corrective action not closed,Fire,Low,Escalate recurring issue to HSE and management,In Progress,0,01_Maintenance_Delay_or_Issue
01_M-010,2025-09-18,Loading Bay,V-215,Confined Space,HSE,Pump abnormal vibration inspection was postponed,False,False,True,False,1,Unsafe act,Hydrocarbon release,High,Repair/replace defective equipment,Closed,0,01_Maintenance_Delay_or_Issue
01_M-011,2025-10-19,Loading Bay,FCC-LINE-08,Breakdown Maintenance,Mechanical Maintenance,Emergency shutdown button was defective and replacement was delayed,False,False,True,False,1,Deferred maintenance,Lost-time injury,Medium,Escalate recurring issue to HSE and management,Open,0,01_Maintenance_Delay_or_Issue
01_M-012,2026-05-01,FCC,V-110,Inspection,Electrical Maintenance,Damaged electrical cable received only temporary protection,False,False,True,False,0,Procedure not followed,Lost-time injury,Medium,Complete overdue inspection,Open,0,01_Maintenance_Delay_or_Issue
01_M-013,2024-09-13,Maintenance Area,E-207,Preventive Maintenance,HSE,Damaged electrical cable received only temporary protection,False,False,True,False,1,Equipment degradation,Fire,Medium,Repair/replace defective equipment,In Progress,0,01_Maintenance_Delay_or_Issue
01_M-014,2024-06-24,CDU,FCC-LINE-08,Hot Work,Contractor,Repeated mechanical seal leakage was deferred to shutdown,False,False,True,False,0,Unsafe condition,Minor injury,Low,Increase supervisory monitoring,Overdue,0,01_Maintenance_Delay_or_Issue
01_M-015,2025-09-24,Tank Farm,C-102,Confined Space,Electrical Maintenance,Emergency shutdown button was defective and replacement was delayed,False,False,True,False,2,Deferred maintenance,Fire,Medium,Stop work and enforce PPE,Open,0,01_Maintenance_Delay_or_Issue
01_M-016,2024-06-10,Sulfur Recovery Unit,CDU-LINE-14,Breakdown Maintenance,Electrical Maintenance,Gas detector gave intermittent readings and maintenance ticket remained open,False,False,True,False,1,Corrective action not closed,Lost-time injury,High,Implement permanent corrective action,Closed,0,01_Maintenance_Delay_or_Issue
01_M-017,2026-01-21,Loading Bay,P-204,Work at Height,Mechanical Maintenance,Gas detector gave intermittent readings and maintenance ticket remained open,False,False,True,False,0,Deferred maintenance,Equipment damage,Medium,Stop work and enforce PPE,Closed,0,01_Maintenance_Delay_or_Issue
01_M-018,2025-04-05,Utilities,GD-22,Confined Space,Mechanical Maintenance,Pressure gauge malfunction remained awaiting replacement,False,False,True,False,0,Corrective action not closed,Fire,Low,Repair/replace defective equipment,Closed,0,01_Maintenance_Delay_or_Issue
01_M-019,2026-08-14,Tank Farm,E-101,Hot Work,Instrumentation,Corrosion on process pipeline was identified but repair was deferred,False,False,True,False,0,Unsafe act,Equipment damage,High,Stop work and enforce PPE,Overdue,0,01_Maintenance_Delay_or_Issue
01_M-020,2025-06-01,CDU,C-204,Material Handling,HSE,Corrosion on process pipeline was identified but repair was deferred,False,False,True,False,0,Corrective action not closed,Minor injury,Medium,Implement permanent corrective action,Overdue,0,01_Maintenance_Delay_or_Issue
01_M-021,2024-10-19,Sulfur Recovery Unit,PSV-114,Confined Space,Electrical Maintenance,Pump abnormal vibration inspection was postponed,False,False,True,False,1,Unsafe act,Fire,Medium,Review permit and JSA,Open,0,01_Maintenance_Delay_or_Issue
01_M-022,2025-08-06,Utilities,E-207,Material Handling,HSE,Cooling-water restriction remained unresolved,False,False,True,False,2,Inadequate supervision,Minor injury,Medium,Increase supervisory monitoring,Open,0,01_Maintenance_Delay_or_Issue
01_M-023,2024-05-11,Sulfur Recovery Unit,PSV-114,Breakdown Maintenance,Mechanical Maintenance,Gas detector gave intermittent readings and maintenance ticket remained open,False,False,True,False,1,Procedure not followed,Equipment damage,Medium,Escalate recurring issue to HSE and management,Overdue,0,01_Maintenance_Delay_or_Issue
01_M-024,2025-05-27,Tank Farm,E-207,Material Handling,Mechanical Maintenance,Hydrocarbon leakage from process pipeline flange remained pending for repair,False,False,True,False,0,Procedure not followed,Fire,Medium,Escalate recurring issue to HSE and management,In Progress,0,01_Maintenance_Delay_or_Issue
01_M-025,2024-12-01,Sulfur Recovery Unit,E-207,Material Handling,Contractor,Pressure gauge malfunction remained awaiting replacement,False,False,True,False,1,Procedure not followed,Equipment damage,Medium,Complete overdue inspection,Overdue,0,01_Maintenance_Delay_or_Issue
01_M-026,2026-04-15,Maintenance Area,C-204,Routine Operation,HSE,Cooling-water restriction remained unresolved,False,False,True,False,1,Deferred maintenance,Hydrocarbon release,Low,Complete overdue inspection,In Progress,0,01_Maintenance_Delay_or_Issue
01_M-027,2026-01-08,Maintenance Area,PSV-114,Confined Space,Mechanical Maintenance,Repeated mechanical seal leakage was deferred to shutdown,False,False,True,False,1,Corrective action not closed,Equipment damage,Medium,Implement permanent corrective action,In Progress,0,01_Maintenance_Delay_or_Issue
01_M-028,2024-02-02,Utilities,P-305,Confined Space,Contractor,Corrosion on process pipeline was identified but repair was deferred,False,False,True,False,0,Unsafe condition,Fire,High,Review permit and JSA,Overdue,0,01_Maintenance_Delay_or_Issue
01_M-029,2026-06-12,Sulfur Recovery Unit,FCC-LINE-08,Material Handling,HSE,Pressure gauge malfunction remained awaiting replacement,False,False,True,False,2,Deferred maintenance,Equipment damage,Medium,Complete overdue inspection,In Progress,0,01_Maintenance_Delay_or_Issue
01_M-030,2025-04-15,Tank Farm,C-102,Inspection,Electrical Maintenance,Damaged electrical cable received only temporary protection,False,False,True,False,1,Procedure not followed,Equipment damage,Medium,Complete overdue inspection,In Progress,0,01_Maintenance_Delay_or_Issue
01_M-031,2026-08-22,Sulfur Recovery Unit,E-101,Work at Height,HSE,Pressure safety valve inspection was overdue,False,False,True,False,2,Corrective action not closed,Hydrocarbon release,Medium,Implement permanent corrective action,Closed,0,01_Maintenance_Delay_or_Issue
01_M-032,2024-10-21,Sulfur Recovery Unit,PSV-114,Breakdown Maintenance,Electrical Maintenance,Repeated mechanical seal leakage was deferred to shutdown,False,False,True,False,2,Unsafe act,Hydrocarbon release,High,Complete overdue inspection,Open,0,01_Maintenance_Delay_or_Issue
01_M-033,2024-12-20,Hydrogen Unit,GD-22,Hot Work,HSE,Pressure safety valve inspection was overdue,False,False,True,False,2,Equipment degradation,Lost-time injury,High,Complete overdue inspection,In Progress,0,01_Maintenance_Delay_or_Issue
01_M-034,2024-04-21,CDU,P-204,Confined Space,Electrical Maintenance,Corrosion on process pipeline was identified but repair was deferred,False,False,True,False,0,Equipment degradation,Lost-time injury,Medium,Review permit and JSA,Open,0,01_Maintenance_Delay_or_Issue
01_M-035,2025-11-28,Tank Farm,E-101,Inspection,Electrical Maintenance,Hydrocarbon leakage from process pipeline flange remained pending for repair,False,False,True,False,2,Inadequate supervision,Hydrocarbon release,Medium,Complete overdue inspection,Open,0,01_Maintenance_Delay_or_Issue
01_M-036,2026-07-18,Utilities,GD-22,Breakdown Maintenance,Operations,Repeated mechanical seal leakage was deferred to shutdown,False,False,True,False,0,Corrective action not closed,Lost-time injury,Low,Review permit and JSA,Overdue,0,01_Maintenance_Delay_or_Issue
01_M-037,2024-07-09,Maintenance Area,P-204,Work at Height,Electrical Maintenance,Hydrocarbon leakage from process pipeline flange remained pending for repair,False,False,True,False,0,Deferred maintenance,Equipment damage,Medium,Implement permanent corrective action,Overdue,0,01_Maintenance_Delay_or_Issue
01_M-038,2026-06-29,VDU,V-110,Breakdown Maintenance,Contractor,Damaged electrical cable received only temporary protection,False,False,True,False,1,Deferred maintenance,Lost-time injury,Medium,Implement permanent corrective action,Closed,0,01_Maintenance_Delay_or_Issue
01_M-039,2026-01-05,Maintenance Area,FCC-LINE-08,Inspection,Mechanical Maintenance,Hydrocarbon leakage from process pipeline flange remained pending for repair,False,False,True,False,2,Procedure not followed,Fire,Medium,Increase supervisory monitoring,Overdue,0,01_Maintenance_Delay_or_Issue
01_M-040,2026-04-26,VDU,P-305,Breakdown Maintenance,Instrumentation,Damaged electrical cable received only temporary protection,False,False,True,False,1,Inadequate supervision,Hydrocarbon release,Low,Repair/replace defective equipment,Open,0,01_Maintenance_Delay_or_Issue
01_M-041,2024-09-24,Hydrotreating Unit,CDU-LINE-14,Routine Operation,Electrical Maintenance,Corrosion on process pipeline was identified but repair was deferred,False,False,True,False,1,Equipment degradation,Fire,Medium,Complete overdue inspection,In Progress,0,01_Maintenance_Delay_or_Issue
01_M-042,2024-03-04,Loading Bay,TK-302,Hot Work,Contractor,Emergency shutdown button was defective and replacement was delayed,False,False,True,False,1,Unsafe act,Hydrocarbon release,Medium,Implement permanent corrective action,Closed,0,01_Maintenance_Delay_or_Issue
01_M-043,2025-01-11,Tank Farm,TK-302,Work at Height,Instrumentation,Corrosion on process pipeline was identified but repair was deferred,False,False,True,False,0,Equipment degradation,Lost-time injury,High,Escalate recurring issue to HSE and management,Overdue,0,01_Maintenance_Delay_or_Issue
01_M-044,2026-02-14,Tank Farm,E-207,Work at Height,Operations,Corrosion on process pipeline was identified but repair was deferred,False,False,True,False,2,Procedure not followed,Equipment damage,Low,Stop work and enforce PPE,Open,0,01_Maintenance_Delay_or_Issue
01_M-045,2026-04-28,Sulfur Recovery Unit,GD-22,Material Handling,Operations,Repeated mechanical seal leakage was deferred to shutdown,False,False,True,False,2,Equipment degradation,Lost-time injury,Medium,Repair/replace defective equipment,Overdue,0,01_Maintenance_Delay_or_Issue
01_M-046,2024-04-03,Utilities,E-101,Routine Operation,HSE,Hydrocarbon leakage from process pipeline flange remained pending for repair,False,False,True,False,1,Deferred maintenance,Equipment damage,Medium,Implement permanent corrective action,Closed,0,01_Maintenance_Delay_or_Issue
01_M-047,2026-01-10,Maintenance Area,P-204,Routine Operation,Instrumentation,Gas detector gave intermittent readings and maintenance ticket remained open,False,False,True,False,1,Inadequate supervision,Lost-time injury,Low,Implement permanent corrective action,Open,0,01_Maintenance_Delay_or_Issue
01_M-048,2025-07-08,Utilities,P-305,Breakdown Maintenance,Contractor,Pump abnormal vibration inspection was postponed,False,False,True,False,1,Equipment degradation,Fire,Low,Implement permanent corrective action,Overdue,0,01_Maintenance_Delay_or_Issue
01_M-049,2025-01-18,Loading Bay,P-305,Work at Height,Operations,Emergency shutdown button was defective and replacement was delayed,False,False,True,False,1,Unsafe condition,Minor injury,High,Escalate recurring issue to HSE and management,Overdue,0,01_Maintenance_Delay_or_Issue
01_M-050,2025-06-25,Tank Farm,FCC-LINE-08,Confined Space,HSE,Corrosion on process pipeline was identified but repair was deferred,False,False,True,False,0,Deferred maintenance,Fire,Low,Increase supervisory monitoring,In Progress,0,01_Maintenance_Delay_or_Issue
01_M-051,2024-09-10,VDU,P-101,Confined Space,HSE,Cooling-water restriction remained unresolved,False,False,True,False,0,Corrective action not closed,Lost-time injury,Medium,Stop work and enforce PPE,In Progress,0,01_Maintenance_Delay_or_Issue
01_M-052,2024-07-30,Maintenance Area,FCC-LINE-08,Routine Operation,Mechanical Maintenance,Pump abnormal vibration inspection was postponed,False,False,True,False,2,Equipment degradation,Hydrocarbon release,Low,Stop work and enforce PPE,Overdue,0,01_Maintenance_Delay_or_Issue
01_M-053,2025-03-25,Loading Bay,C-204,Inspection,Contractor,Damaged electrical cable received only temporary protection,False,False,True,False,0,Procedure not followed,Lost-time injury,Low,Complete overdue inspection,Closed,0,01_Maintenance_Delay_or_Issue
01_M-054,2024-08-30,Hydrotreating Unit,C-204,Routine Operation,HSE,Pressure gauge malfunction remained awaiting replacement,False,False,True,False,2,Procedure not followed,Hydrocarbon release,Medium,Implement permanent corrective action,In Progress,0,01_Maintenance_Delay_or_Issue
01_M-055,2025-10-03,Utilities,PSV-114,Work at Height,Contractor,Damaged electrical cable received only temporary protection,False,False,True,False,1,Deferred maintenance,Fire,Low,Review permit and JSA,In Progress,0,01_Maintenance_Delay_or_Issue
01_M-056,2024-11-03,Hydrogen Unit,C-204,Breakdown Maintenance,Instrumentation,Pressure gauge malfunction remained awaiting replacement,False,False,True,False,2,Unsafe act,Lost-time injury,High,Escalate recurring issue to HSE and management,Overdue,0,01_Maintenance_Delay_or_Issue
01_M-057,2025-03-02,Sulfur Recovery Unit,FCC-LINE-08,Preventive Maintenance,Instrumentation,Gas detector gave intermittent readings and maintenance ticket remained open,False,False,True,False,0,Corrective action not closed,Lost-time injury,Medium,Complete overdue inspection,Open,0,01_Maintenance_Delay_or_Issue
01_M-058,2025-07-02,Maintenance Area,P-101,Preventive Maintenance,Mechanical Maintenance,Hydrocarbon leakage from process pipeline flange remained pending for repair,False,False,True,False,1,Corrective action not closed,Equipment damage,High,Increase supervisory monitoring,In Progress,0,01_Maintenance_Delay_or_Issue
01_M-059,2025-05-05,Hydrogen Unit,TK-302,Preventive Maintenance,Contractor,Cooling-water restriction remained unresolved,False,False,True,False,1,Corrective action not closed,Lost-time injury,Low,Review permit and JSA,In Progress,0,01_Maintenance_Delay_or_Issue
01_M-060,2025-12-13,Utilities,E-101,Work at Height,Electrical Maintenance,Gas detector gave intermittent readings and maintenance ticket remained open,False,False,True,False,0,Inadequate supervision,Fire,Medium,Complete overdue inspection,Overdue,0,01_Maintenance_Delay_or_Issue
01_M-061,2025-04-22,Sulfur Recovery Unit,V-215,Routine Operation,HSE,Emergency shutdown button was defective and replacement was delayed,False,False,True,False,1,Corrective action not closed,Fire,Medium,Repair/replace defective equipment,In Progress,0,01_Maintenance_Delay_or_Issue
01_M-062,2024-01-17,FCC,C-102,Work at Height,Mechanical Maintenance,Damaged electrical cable received only temporary protection,False,False,True,False,2,Deferred maintenance,Fire,High,Escalate recurring issue to HSE and management,In Progress,0,01_Maintenance_Delay_or_Issue
01_M-063,2025-05-26,FCC,TK-302,Work at Height,Mechanical Maintenance,Pressure safety valve inspection was overdue,False,False,True,False,1,Unsafe condition,Hydrocarbon release,High,Implement permanent corrective action,Overdue,0,01_Maintenance_Delay_or_Issue
01_M-064,2024-07-07,CDU,V-215,Breakdown Maintenance,Contractor,Damaged electrical cable received only temporary protection,False,False,True,False,0,Unsafe condition,Minor injury,Low,Stop work and enforce PPE,In Progress,0,01_Maintenance_Delay_or_Issue
01_M-065,2024-01-10,Maintenance Area,FCC-LINE-08,Material Handling,Contractor,Damaged electrical cable received only temporary protection,False,False,True,False,1,Deferred maintenance,Minor injury,Medium,Stop work and enforce PPE,Open,0,01_Maintenance_Delay_or_Issue
01_M-066,2025-06-28,Hydrotreating Unit,P-101,Confined Space,Mechanical Maintenance,Hydrocarbon leakage from process pipeline flange remained pending for repair,False,False,True,False,0,Unsafe act,Equipment damage,Medium,Stop work and enforce PPE,In Progress,0,01_Maintenance_Delay_or_Issue
01_M-067,2024-09-03,Hydrotreating Unit,PSV-114,Confined Space,Operations,Repeated mechanical seal leakage was deferred to shutdown,False,False,True,False,2,Inadequate supervision,Fire,Medium,Review permit and JSA,Overdue,0,01_Maintenance_Delay_or_Issue
01_M-068,2025-08-01,VDU,V-215,Confined Space,Instrumentation,Corrosion on process pipeline was identified but repair was deferred,False,False,True,False,1,Procedure not followed,Minor injury,Low,Review permit and JSA,Open,0,01_Maintenance_Delay_or_Issue
01_M-069,2025-10-14,Sulfur Recovery Unit,CDU-LINE-14,Preventive Maintenance,HSE,Pressure gauge malfunction remained awaiting replacement,False,False,True,False,0,Unsafe act,Hydrocarbon release,High,Repair/replace defective equipment,In Progress,0,01_Maintenance_Delay_or_Issue
01_M-070,2026-07-11,Loading Bay,CDU-LINE-14,Routine Operation,Mechanical Maintenance,Pressure safety valve inspection was overdue,False,False,True,False,0,Corrective action not closed,Fire,Low,Complete overdue inspection,Open,0,01_Maintenance_Delay_or_Issue
01_M-071,2024-07-31,Maintenance Area,C-102,Confined Space,Contractor,Gas detector gave intermittent readings and maintenance ticket remained open,False,False,True,False,0,Procedure not followed,Lost-time injury,Medium,Complete overdue inspection,Overdue,0,01_Maintenance_Delay_or_Issue
01_M-072,2026-02-12,VDU,V-215,Inspection,Operations,Pump abnormal vibration inspection was postponed,False,False,True,False,2,Inadequate supervision,Minor injury,Medium,Escalate recurring issue to HSE and management,Overdue,0,01_Maintenance_Delay_or_Issue
01_M-073,2026-03-03,Tank Farm,C-102,Work at Height,HSE,Hydrocarbon leakage from process pipeline flange remained pending for repair,False,False,True,False,2,Deferred maintenance,Hydrocarbon release,Medium,Review permit and JSA,In Progress,0,01_Maintenance_Delay_or_Issue
01_M-074,2025-11-27,VDU,P-204,Hot Work,Mechanical Maintenance,Pump abnormal vibration inspection was postponed,False,False,True,False,2,Deferred maintenance,Lost-time injury,Medium,Implement permanent corrective action,In Progress,0,01_Maintenance_Delay_or_Issue
01_M-075,2026-01-27,CDU,C-204,Material Handling,Electrical Maintenance,Cooling-water restriction remained unresolved,False,False,True,False,1,Corrective action not closed,Minor injury,Low,Complete overdue inspection,Open,0,01_Maintenance_Delay_or_Issue
01_R-001,2024-05-15,Loading Bay,E-207,Confined Space,Operations,Gas detector abnormal readings had generated repeated reports,False,False,False,True,3,Unsafe act,Equipment damage,High,Stop work and enforce PPE,Closed,0,01_Repeated_Issue_Ignored
01_R-002,2025-07-21,CDU,C-204,Confined Space,Instrumentation,Valve leakage had repeatedly been treated only with temporary packing adjustment,False,False,False,True,4,Corrective action not closed,Hydrocarbon release,Medium,Stop work and enforce PPE,In Progress,0,01_Repeated_Issue_Ignored
01_R-003,2025-08-08,Hydrotreating Unit,C-204,Material Handling,Mechanical Maintenance,Emergency shower low pressure had been reported repeatedly,False,False,False,True,1,Unsafe act,Fire,Medium,Repair/replace defective equipment,Overdue,0,01_Repeated_Issue_Ignored
01_R-004,2024-10-09,Hydrotreating Unit,C-102,Material Handling,HSE,Pipeline corrosion had appeared in two previous inspections,False,False,False,True,3,Procedure not followed,Fire,Low,Repair/replace defective equipment,Overdue,0,01_Repeated_Issue_Ignored
01_R-005,2024-04-19,Maintenance Area,V-215,Work at Height,Instrumentation,Pipeline corrosion had appeared in two previous inspections,False,False,False,True,0,Inadequate supervision,Fire,High,Review permit and JSA,In Progress,0,01_Repeated_Issue_Ignored
01_R-006,2024-11-03,FCC,V-215,Work at Height,Electrical Maintenance,Valve leakage had repeatedly been treated only with temporary packing adjustment,False,False,False,True,1,Equipment degradation,Fire,High,Implement permanent corrective action,Overdue,0,01_Repeated_Issue_Ignored
01_R-007,2025-08-12,Sulfur Recovery Unit,P-204,Inspection,HSE,Loose flange had been reported during two previous rounds,False,False,False,True,3,Procedure not followed,Hydrocarbon release,Medium,Repair/replace defective equipment,Open,0,01_Repeated_Issue_Ignored
01_R-008,2026-09-02,Utilities,FCC-LINE-08,Material Handling,Mechanical Maintenance,Poor lighting had been reported repeatedly,False,False,False,True,3,Equipment degradation,Minor injury,Medium,Complete overdue inspection,In Progress,0,01_Repeated_Issue_Ignored
01_R-009,2024-09-15,Maintenance Area,E-101,Confined Space,HSE,Emergency shower low pressure had been reported repeatedly,False,False,False,True,3,Procedure not followed,Hydrocarbon release,Low,Increase supervisory monitoring,Overdue,0,01_Repeated_Issue_Ignored
01_R-010,2025-07-10,Hydrogen Unit,FCC-LINE-08,Work at Height,Mechanical Maintenance,Loose flange had been reported during two previous rounds,False,False,False,True,4,Equipment degradation,Minor injury,Low,Escalate recurring issue to HSE and management,Open,0,01_Repeated_Issue_Ignored
01_R-011,2025-07-30,VDU,C-204,Inspection,HSE,Loose flange had been reported during two previous rounds,False,False,False,True,3,Equipment degradation,Minor injury,Low,Escalate recurring issue to HSE and management,In Progress,0,01_Repeated_Issue_Ignored
01_R-012,2025-04-01,CDU,E-101,Preventive Maintenance,Electrical Maintenance,Emergency shower low pressure had been reported repeatedly,False,False,False,True,3,Deferred maintenance,Fire,Medium,Stop work and enforce PPE,Open,0,01_Repeated_Issue_Ignored
01_R-013,2026-05-01,Hydrogen Unit,E-207,Material Handling,Electrical Maintenance,Loose flange had been reported during two previous rounds,False,False,False,True,2,Deferred maintenance,Hydrocarbon release,Medium,Stop work and enforce PPE,Overdue,0,01_Repeated_Issue_Ignored
01_R-014,2026-01-09,VDU,P-101,Work at Height,Contractor,Loose flange had been reported during two previous rounds,False,False,False,True,0,Unsafe act,Minor injury,Medium,Implement permanent corrective action,In Progress,0,01_Repeated_Issue_Ignored
01_R-015,2026-08-10,Loading Bay,V-215,Material Handling,Mechanical Maintenance,Bearing temperature had repeatedly been reported as abnormal,False,False,False,True,1,Corrective action not closed,Fire,Medium,Review permit and JSA,In Progress,0,01_Repeated_Issue_Ignored
01_R-016,2024-07-09,Maintenance Area,V-215,Confined Space,Operations,Emergency shower low pressure had been reported repeatedly,False,False,False,True,0,Equipment degradation,Hydrocarbon release,Medium,Repair/replace defective equipment,In Progress,0,01_Repeated_Issue_Ignored
01_R-017,2024-10-12,Sulfur Recovery Unit,C-102,Material Handling,Operations,Valve leakage had repeatedly been treated only with temporary packing adjustment,False,False,False,True,0,Inadequate supervision,Fire,Medium,Implement permanent corrective action,Overdue,0,01_Repeated_Issue_Ignored
01_R-018,2025-06-24,VDU,V-110,Work at Height,Instrumentation,Valve leakage had repeatedly been treated only with temporary packing adjustment,False,False,False,True,3,Procedure not followed,Equipment damage,High,Repair/replace defective equipment,Closed,0,01_Repeated_Issue_Ignored
01_R-019,2026-07-29,Hydrotreating Unit,P-204,Breakdown Maintenance,Electrical Maintenance,Gas detector abnormal readings had generated repeated reports,False,False,False,True,2,Equipment degradation,Lost-time injury,Low,Repair/replace defective equipment,Overdue,0,01_Repeated_Issue_Ignored
01_R-020,2025-03-04,Tank Farm,FCC-LINE-08,Breakdown Maintenance,HSE,Valve leakage had repeatedly been treated only with temporary packing adjustment,False,False,False,True,3,Unsafe condition,Lost-time injury,High,Review permit and JSA,Closed,0,01_Repeated_Issue_Ignored
01_R-021,2024-05-23,CDU,E-101,Breakdown Maintenance,Mechanical Maintenance,Loose flange had been reported during two previous rounds,False,False,False,True,3,Corrective action not closed,Fire,Low,Review permit and JSA,Overdue,0,01_Repeated_Issue_Ignored
01_R-022,2025-02-22,VDU,CDU-LINE-14,Routine Operation,Mechanical Maintenance,Emergency shower low pressure had been reported repeatedly,False,False,False,True,3,Inadequate supervision,Lost-time injury,High,Stop work and enforce PPE,Closed,0,01_Repeated_Issue_Ignored
01_R-023,2024-08-18,Loading Bay,P-204,Preventive Maintenance,Electrical Maintenance,Gas detector abnormal readings had generated repeated reports,False,False,False,True,3,Corrective action not closed,Equipment damage,High,Escalate recurring issue to HSE and management,Closed,0,01_Repeated_Issue_Ignored
01_R-024,2025-07-09,VDU,TK-302,Inspection,Electrical Maintenance,Oil accumulation near pump had generated repeated housekeeping complaints,False,False,False,True,4,Corrective action not closed,Hydrocarbon release,Medium,Stop work and enforce PPE,Overdue,0,01_Repeated_Issue_Ignored
01_R-025,2024-09-26,Hydrogen Unit,PSV-114,Work at Height,Contractor,Compressor abnormal vibration had been reported three times,False,False,False,True,3,Procedure not followed,Lost-time injury,Low,Implement permanent corrective action,Overdue,0,01_Repeated_Issue_Ignored
01_R-026,2024-06-18,Sulfur Recovery Unit,E-207,Hot Work,HSE,Poor lighting had been reported repeatedly,False,False,False,True,1,Procedure not followed,Equipment damage,Low,Repair/replace defective equipment,Closed,0,01_Repeated_Issue_Ignored
01_R-027,2025-12-21,VDU,P-305,Confined Space,Operations,Pipeline corrosion had appeared in two previous inspections,False,False,False,True,4,Inadequate supervision,Equipment damage,Medium,Increase supervisory monitoring,In Progress,0,01_Repeated_Issue_Ignored
01_R-028,2025-12-19,Utilities,E-101,Breakdown Maintenance,HSE,Poor lighting had been reported repeatedly,False,False,False,True,1,Equipment degradation,Lost-time injury,Medium,Complete overdue inspection,Overdue,0,01_Repeated_Issue_Ignored
01_R-029,2025-01-19,Hydrotreating Unit,TK-302,Work at Height,Instrumentation,Compressor abnormal vibration had been reported three times,False,False,False,True,0,Deferred maintenance,Equipment damage,High,Complete overdue inspection,Open,0,01_Repeated_Issue_Ignored
01_R-030,2026-06-08,Utilities,C-102,Confined Space,Mechanical Maintenance,Oil accumulation near pump had generated repeated housekeeping complaints,False,False,False,True,2,Deferred maintenance,Equipment damage,Low,Complete overdue inspection,Closed,0,01_Repeated_Issue_Ignored
01_R-031,2026-04-28,Tank Farm,PSV-114,Work at Height,Contractor,Loose flange had been reported during two previous rounds,False,False,False,True,4,Corrective action not closed,Equipment damage,Medium,Stop work and enforce PPE,Open,0,01_Repeated_Issue_Ignored
01_R-032,2024-04-11,Tank Farm,P-101,Confined Space,Mechanical Maintenance,Pump leakage had been reported twice previously,False,False,False,True,0,Equipment degradation,Hydrocarbon release,Medium,Repair/replace defective equipment,Closed,0,01_Repeated_Issue_Ignored
01_R-033,2024-06-11,Sulfur Recovery Unit,FCC-LINE-08,Breakdown Maintenance,Operations,Compressor abnormal vibration had been reported three times,False,False,False,True,2,Deferred maintenance,Minor injury,Medium,Implement permanent corrective action,Closed,0,01_Repeated_Issue_Ignored
01_R-034,2026-01-13,Hydrogen Unit,E-101,Preventive Maintenance,Mechanical Maintenance,Emergency shower low pressure had been reported repeatedly,False,False,False,True,0,Procedure not followed,Minor injury,Low,Repair/replace defective equipment,Overdue,0,01_Repeated_Issue_Ignored
01_R-035,2024-01-10,Tank Farm,P-204,Inspection,Instrumentation,Loose flange had been reported during two previous rounds,False,False,False,True,0,Unsafe act,Lost-time injury,High,Implement permanent corrective action,Open,0,01_Repeated_Issue_Ignored
01_R-036,2024-04-15,FCC,FCC-LINE-08,Breakdown Maintenance,Operations,Loose flange had been reported during two previous rounds,False,False,False,True,2,Procedure not followed,Hydrocarbon release,Medium,Escalate recurring issue to HSE and management,Open,0,01_Repeated_Issue_Ignored
01_R-037,2025-09-16,Utilities,CDU-LINE-14,Material Handling,Mechanical Maintenance,Oil accumulation near pump had generated repeated housekeeping complaints,False,False,False,True,2,Unsafe act,Lost-time injury,Medium,Stop work and enforce PPE,In Progress,0,01_Repeated_Issue_Ignored
01_R-038,2026-02-09,Sulfur Recovery Unit,PSV-114,Breakdown Maintenance,Mechanical Maintenance,Valve leakage had repeatedly been treated only with temporary packing adjustment,False,False,False,True,3,Inadequate supervision,Hydrocarbon release,Medium,Implement permanent corrective action,Open,0,01_Repeated_Issue_Ignored
01_R-039,2024-09-11,Maintenance Area,E-207,Inspection,Contractor,Pump leakage had been reported twice previously,False,False,False,True,2,Deferred maintenance,Equipment damage,Medium,Complete overdue inspection,Open,0,01_Repeated_Issue_Ignored
01_R-040,2026-03-13,Tank Farm,FCC-LINE-08,Preventive Maintenance,HSE,Oil accumulation near pump had generated repeated housekeeping complaints,False,False,False,True,3,Unsafe act,Lost-time injury,Low,Complete overdue inspection,Closed,0,01_Repeated_Issue_Ignored
01_R-041,2024-05-15,FCC,PSV-114,Material Handling,Operations,Valve leakage had repeatedly been treated only with temporary packing adjustment,False,False,False,True,3,Unsafe act,Equipment damage,Medium,Escalate recurring issue to HSE and management,Open,0,01_Repeated_Issue_Ignored
01_R-042,2024-01-15,Loading Bay,C-204,Confined Space,Instrumentation,Poor lighting had been reported repeatedly,False,False,False,True,0,Equipment degradation,Hydrocarbon release,Low,Review permit and JSA,Open,0,01_Repeated_Issue_Ignored
01_R-043,2025-10-17,Loading Bay,C-102,Breakdown Maintenance,HSE,Pipeline corrosion had appeared in two previous inspections,False,False,False,True,0,Inadequate supervision,Minor injury,Medium,Review permit and JSA,Open,0,01_Repeated_Issue_Ignored
01_R-044,2024-11-13,Utilities,P-204,Material Handling,HSE,Poor lighting had been reported repeatedly,False,False,False,True,0,Procedure not followed,Minor injury,Medium,Stop work and enforce PPE,Closed,0,01_Repeated_Issue_Ignored
01_R-045,2025-11-13,FCC,E-101,Work at Height,HSE,Compressor abnormal vibration had been reported three times,False,False,False,True,0,Procedure not followed,Minor injury,Medium,Increase supervisory monitoring,Closed,0,01_Repeated_Issue_Ignored
01_R-046,2024-06-19,Sulfur Recovery Unit,PSV-114,Confined Space,Electrical Maintenance,Gas detector abnormal readings had generated repeated reports,False,False,False,True,2,Procedure not followed,Minor injury,Low,Stop work and enforce PPE,Closed,0,01_Repeated_Issue_Ignored
01_R-047,2025-12-30,Tank Farm,GD-22,Breakdown Maintenance,Electrical Maintenance,Oil accumulation near pump had generated repeated housekeeping complaints,False,False,False,True,3,Unsafe condition,Minor injury,Medium,Complete overdue inspection,Open,0,01_Repeated_Issue_Ignored
01_R-048,2026-07-04,CDU,C-102,Routine Operation,Instrumentation,Poor lighting had been reported repeatedly,False,False,False,True,4,Inadequate supervision,Minor injury,Low,Review permit and JSA,In Progress,0,01_Repeated_Issue_Ignored
01_R-049,2024-07-02,Hydrogen Unit,V-215,Work at Height,Electrical Maintenance,Bearing temperature had repeatedly been reported as abnormal,False,False,False,True,3,Corrective action not closed,Fire,Medium,Stop work and enforce PPE,Closed,0,01_Repeated_Issue_Ignored
01_R-050,2024-05-02,VDU,E-101,Hot Work,Electrical Maintenance,Gas detector abnormal readings had generated repeated reports,False,False,False,True,1,Inadequate supervision,Hydrocarbon release,Low,Stop work and enforce PPE,Overdue,0,01_Repeated_Issue_Ignored
01_R-051,2024-01-09,Hydrogen Unit,E-101,Work at Height,HSE,Poor lighting had been reported repeatedly,False,False,False,True,2,Deferred maintenance,Equipment damage,Medium,Increase supervisory monitoring,In Progress,0,01_Repeated_Issue_Ignored
01_R-052,2026-01-20,Hydrogen Unit,E-207,Work at Height,Contractor,Gas detector abnormal readings had generated repeated reports,False,False,False,True,0,Corrective action not closed,Minor injury,High,Implement permanent corrective action,Open,0,01_Repeated_Issue_Ignored
01_R-053,2026-08-31,Hydrogen Unit,E-207,Inspection,Instrumentation,Pump leakage had been reported twice previously,False,False,False,True,3,Deferred maintenance,Minor injury,Medium,Stop work and enforce PPE,In Progress,0,01_Repeated_Issue_Ignored
01_R-054,2025-12-29,Utilities,TK-302,Work at Height,Instrumentation,Compressor abnormal vibration had been reported three times,False,False,False,True,0,Equipment degradation,Equipment damage,Medium,Stop work and enforce PPE,Open,0,01_Repeated_Issue_Ignored
01_R-055,2025-06-01,FCC,C-102,Hot Work,Electrical Maintenance,Emergency shower low pressure had been reported repeatedly,False,False,False,True,0,Corrective action not closed,Hydrocarbon release,Low,Complete overdue inspection,Overdue,0,01_Repeated_Issue_Ignored
01_R-056,2025-12-18,VDU,C-102,Breakdown Maintenance,HSE,Loose flange had been reported during two previous rounds,False,False,False,True,3,Unsafe act,Lost-time injury,Medium,Repair/replace defective equipment,Open,0,01_Repeated_Issue_Ignored
01_R-057,2024-06-17,Loading Bay,V-110,Inspection,Instrumentation,Oil accumulation near pump had generated repeated housekeeping complaints,False,False,False,True,2,Inadequate supervision,Minor injury,High,Review permit and JSA,Closed,0,01_Repeated_Issue_Ignored
01_R-058,2026-05-22,CDU,C-102,Work at Height,Mechanical Maintenance,Compressor abnormal vibration had been reported three times,False,False,False,True,1,Unsafe act,Equipment damage,Medium,Implement permanent corrective action,In Progress,0,01_Repeated_Issue_Ignored
01_R-059,2024-12-30,FCC,P-101,Confined Space,Instrumentation,Bearing temperature had repeatedly been reported as abnormal,False,False,False,True,0,Procedure not followed,Fire,Medium,Implement permanent corrective action,In Progress,0,01_Repeated_Issue_Ignored
01_R-060,2024-04-06,CDU,GD-22,Inspection,Mechanical Maintenance,Compressor abnormal vibration had been reported three times,False,False,False,True,1,Unsafe condition,Minor injury,Low,Increase supervisory monitoring,Overdue,0,01_Repeated_Issue_Ignored
01_R-061,2025-01-16,CDU,P-204,Inspection,Contractor,Valve leakage had repeatedly been treated only with temporary packing adjustment,False,False,False,True,4,Deferred maintenance,Minor injury,Medium,Increase supervisory monitoring,In Progress,0,01_Repeated_Issue_Ignored
01_R-062,2024-04-04,FCC,CDU-LINE-14,Confined Space,Contractor,Compressor abnormal vibration had been reported three times,False,False,False,True,0,Deferred maintenance,Minor injury,High,Review permit and JSA,Open,0,01_Repeated_Issue_Ignored
01_R-063,2025-01-26,Hydrotreating Unit,C-204,Material Handling,Mechanical Maintenance,Gas detector abnormal readings had generated repeated reports,False,False,False,True,2,Unsafe act,Lost-time injury,Medium,Escalate recurring issue to HSE and management,In Progress,0,01_Repeated_Issue_Ignored
01_R-064,2025-10-24,VDU,C-204,Confined Space,Mechanical Maintenance,Oil accumulation near pump had generated repeated housekeeping complaints,False,False,False,True,3,Deferred maintenance,Minor injury,High,Repair/replace defective equipment,In Progress,0,01_Repeated_Issue_Ignored
01_R-065,2025-10-07,Tank Farm,V-110,Work at Height,Instrumentation,Emergency shower low pressure had been reported repeatedly,False,False,False,True,2,Inadequate supervision,Equipment damage,High,Repair/replace defective equipment,Open,0,01_Repeated_Issue_Ignored
01_R-066,2024-11-22,Loading Bay,V-110,Inspection,Mechanical Maintenance,Pump leakage had been reported twice previously,False,False,False,True,2,Unsafe act,Hydrocarbon release,Low,Repair/replace defective equipment,In Progress,0,01_Repeated_Issue_Ignored
01_R-067,2024-09-29,FCC,P-305,Inspection,HSE,Poor lighting had been reported repeatedly,False,False,False,True,4,Inadequate supervision,Fire,High,Increase supervisory monitoring,Closed,0,01_Repeated_Issue_Ignored
01_R-068,2026-07-24,Hydrogen Unit,GD-22,Material Handling,HSE,Loose flange had been reported during two previous rounds,False,False,False,True,4,Inadequate supervision,Equipment damage,Medium,Repair/replace defective equipment,Overdue,0,01_Repeated_Issue_Ignored
01_R-069,2024-02-08,Loading Bay,E-101,Routine Operation,Electrical Maintenance,Pump leakage had been reported twice previously,False,False,False,True,1,Procedure not followed,Minor injury,Medium,Repair/replace defective equipment,In Progress,0,01_Repeated_Issue_Ignored
01_R-070,2024-12-14,Maintenance Area,TK-302,Breakdown Maintenance,Operations,Loose flange had been reported during two previous rounds,False,False,False,True,0,Corrective action not closed,Lost-time injury,Low,Escalate recurring issue to HSE and management,Closed,0,01_Repeated_Issue_Ignored
01_R-071,2024-03-15,Hydrotreating Unit,V-110,Breakdown Maintenance,Mechanical Maintenance,Emergency shower low pressure had been reported repeatedly,False,False,False,True,4,Equipment degradation,Fire,Low,Review permit and JSA,Overdue,0,01_Repeated_Issue_Ignored
01_R-072,2025-10-26,Maintenance Area,GD-22,Breakdown Maintenance,Instrumentation,Gas detector abnormal readings had generated repeated reports,False,False,False,True,4,Inadequate supervision,Lost-time injury,Medium,Implement permanent corrective action,Closed,0,01_Repeated_Issue_Ignored
01_R-073,2024-05-10,CDU,P-305,Work at Height,HSE,Pump leakage had been reported twice previously,False,False,False,True,4,Unsafe condition,Equipment damage,High,Implement permanent corrective action,Open,0,01_Repeated_Issue_Ignored
01_R-074,2026-08-17,Sulfur Recovery Unit,V-110,Breakdown Maintenance,Contractor,Gas detector abnormal readings had generated repeated reports,False,False,False,True,2,Unsafe act,Lost-time injury,Low,Increase supervisory monitoring,Closed,0,01_Repeated_Issue_Ignored
01_R-075,2025-04-02,Sulfur Recovery Unit,C-204,Preventive Maintenance,Contractor,Pipeline corrosion had appeared in two previous inspections,False,False,False,True,1,Unsafe act,Minor injury,Medium,Stop work and enforce PPE,Overdue,0,01_Repeated_Issue_Ignored
05_2-001,2025-03-24,Loading Bay,V-215,Preventive Maintenance,Instrumentation,Worker worked at height without connecting safety harness | Repeated contractor PPE violations were not escalated,True,True,False,False,1,Corrective action not closed,Fire,High,Increase supervisory monitoring,In Progress,0,05_2Factor_1
05_2-002,2024-06-15,Hydrotreating Unit,P-204,Preventive Maintenance,Electrical Maintenance,Technician performed grinding without face shield | Supervisor observed missing PPE but allowed work to continue,True,True,False,False,1,Unsafe condition,Fire,Low,Review permit and JSA,In Progress,0,05_2Factor_1
05_2-003,2026-01-19,Utilities,FCC-LINE-08,Breakdown Maintenance,HSE,Worker removed gloves during maintenance and continued work | Hot work continued before required gas test was completed,True,True,False,False,1,Deferred maintenance,Minor injury,High,Repair/replace defective equipment,Open,0,05_2Factor_1
05_2-004,2024-04-13,Hydrotreating Unit,C-102,Preventive Maintenance,Operations,Maintenance worker handled chemical line without chemical-resistant gloves | Welding continued near hydrocarbon equipment without adequate controls,True,True,False,False,1,Deferred maintenance,Fire,Medium,Escalate recurring issue to HSE and management,Overdue,0,05_2Factor_1
05_2-005,2024-06-06,Maintenance Area,E-101,Inspection,Operations,Worker entered noisy compressor area without hearing protection | Supervisor observed missing PPE but allowed work to continue,True,True,False,False,1,Unsafe act,Fire,Low,Repair/replace defective equipment,In Progress,0,05_2Factor_1
05_2-006,2025-10-15,Tank Farm,E-101,Hot Work,Operations,Technician performed grinding without face shield | Work continued after permit expiry,True,True,False,False,0,Equipment degradation,Hydrocarbon release,Medium,Escalate recurring issue to HSE and management,Overdue,0,05_2Factor_1
05_2-007,2024-07-08,Hydrotreating Unit,E-101,Material Handling,Electrical Maintenance,Contractor used damaged safety shoes | Lifting operation continued despite unsafe weather conditions,True,True,False,False,0,Unsafe condition,Minor injury,High,Increase supervisory monitoring,Closed,0,05_2Factor_1
05_2-008,2025-07-31,Utilities,PSV-114,Inspection,HSE,Worker worked at height without connecting safety harness | Hot work continued before required gas test was completed,True,True,False,False,0,Unsafe act,Equipment damage,Medium,Increase supervisory monitoring,Overdue,0,05_2Factor_1
05_2-009,2026-04-18,Hydrotreating Unit,P-204,Confined Space,Contractor,Worker removed gloves during maintenance and continued work | Work continued after permit expiry,True,True,False,False,2,Unsafe act,Hydrocarbon release,Medium,Escalate recurring issue to HSE and management,In Progress,0,05_2Factor_1
05_2-010,2024-05-03,CDU,V-215,Preventive Maintenance,Contractor,Worker worked at height without connecting safety harness | Maintenance continued without confirmed isolation,True,True,False,False,0,Deferred maintenance,Lost-time injury,Medium,Repair/replace defective equipment,In Progress,0,05_2Factor_1
05_2-011,2026-05-04,Utilities,E-207,Work at Height,Electrical Maintenance,Worker entered noisy compressor area without hearing protection | Hot work continued before required gas test was completed,True,True,False,False,0,Procedure not followed,Equipment damage,High,Review permit and JSA,Open,0,05_2Factor_1
05_2-012,2026-03-16,Maintenance Area,CDU-LINE-14,Preventive Maintenance,Operations,Technician performed grinding without face shield | Repeated contractor PPE violations were not escalated,True,True,False,False,0,Procedure not followed,Equipment damage,Medium,Increase supervisory monitoring,Open,0,05_2Factor_1
05_2-013,2026-03-15,Tank Farm,CDU-LINE-14,Material Handling,Operations,Worker removed gloves during maintenance and continued work | Lifting operation continued despite unsafe weather conditions,True,True,False,False,1,Unsafe condition,Hydrocarbon release,Medium,Complete overdue inspection,Overdue,0,05_2Factor_1
05_2-014,2024-05-27,Tank Farm,C-204,Work at Height,Operations,Worker entered process area without safety helmet | Repeated contractor PPE violations were not escalated,True,True,False,False,1,Inadequate supervision,Minor injury,Medium,Increase supervisory monitoring,Closed,0,05_2Factor_1
05_2-015,2024-11-14,Tank Farm,PSV-114,Work at Height,Electrical Maintenance,Worker selected unsuitable respiratory protection for task | Hot work continued before required gas test was completed,True,True,False,False,0,Equipment degradation,Fire,Medium,Review permit and JSA,Open,0,05_2Factor_1
05_2-016,2024-07-11,Sulfur Recovery Unit,GD-22,Routine Operation,HSE,Maintenance worker handled chemical line without chemical-resistant gloves | Repeated contractor PPE violations were not escalated,True,True,False,False,2,Corrective action not closed,Equipment damage,High,Repair/replace defective equipment,Open,0,05_2Factor_1
05_2-017,2024-11-14,Hydrogen Unit,GD-22,Inspection,Operations,Worker worked at height without connecting safety harness | Minor leakage was observed but work was allowed to continue,True,True,False,False,2,Unsafe condition,Lost-time injury,Low,Stop work and enforce PPE,Overdue,0,05_2Factor_1
05_2-018,2024-02-21,Utilities,FCC-LINE-08,Preventive Maintenance,Contractor,Maintenance worker handled chemical line without chemical-resistant gloves | Confined-space work continued without continuous attendant supervision,True,True,False,False,1,Unsafe act,Equipment damage,High,Repair/replace defective equipment,Closed,0,05_2Factor_1
05_2-019,2025-05-15,FCC,GD-22,Hot Work,Contractor,Worker worked at height without connecting safety harness | Work continued after permit expiry,True,True,False,False,2,Corrective action not closed,Fire,Medium,Implement permanent corrective action,Open,0,05_2Factor_1
05_2-020,2024-10-18,Hydrogen Unit,FCC-LINE-08,Inspection,Electrical Maintenance,Contractor used damaged safety shoes | Supervisor observed missing PPE but allowed work to continue,True,True,False,False,0,Equipment degradation,Lost-time injury,Medium,Review permit and JSA,Open,0,05_2Factor_1
05_2-021,2026-06-04,CDU,C-102,Hot Work,HSE,Worker selected unsuitable respiratory protection for task | Maintenance continued without confirmed isolation,True,True,False,False,2,Corrective action not closed,Equipment damage,Medium,Complete overdue inspection,Closed,0,05_2Factor_1
05_2-022,2025-03-09,Hydrotreating Unit,FCC-LINE-08,Confined Space,HSE,Worker entered noisy compressor area without hearing protection | Work continued after permit expiry,True,True,False,False,1,Unsafe act,Hydrocarbon release,Medium,Stop work and enforce PPE,Closed,0,05_2Factor_1
05_2-023,2025-07-28,Hydrotreating Unit,FCC-LINE-08,Work at Height,Electrical Maintenance,Welder worked without fire-resistant clothing | Hot work continued before required gas test was completed,True,True,False,False,1,Inadequate supervision,Fire,Low,Implement permanent corrective action,Closed,0,05_2Factor_1
05_2-024,2024-07-11,FCC,TK-302,Routine Operation,Contractor,Worker removed gloves during maintenance and continued work | Welding continued near hydrocarbon equipment without adequate controls,True,True,False,False,0,Deferred maintenance,Fire,High,Complete overdue inspection,Closed,0,05_2Factor_1
05_2-025,2026-07-17,Maintenance Area,GD-22,Inspection,Electrical Maintenance,Contractor used damaged safety shoes | Repeated contractor PPE violations were not escalated,True,True,False,False,2,Equipment degradation,Equipment damage,Low,Implement permanent corrective action,In Progress,0,05_2Factor_1
05_2-026,2025-12-03,FCC,C-204,Preventive Maintenance,Instrumentation,Worker entered noisy compressor area without hearing protection | Minor leakage was observed but work was allowed to continue,True,True,False,False,1,Unsafe condition,Equipment damage,Medium,Implement permanent corrective action,Closed,0,05_2Factor_1
05_2-027,2026-01-12,Hydrotreating Unit,V-215,Work at Height,Electrical Maintenance,Worker entered noisy compressor area without hearing protection | Hot work continued before required gas test was completed,True,True,False,False,0,Inadequate supervision,Lost-time injury,Medium,Escalate recurring issue to HSE and management,Closed,0,05_2Factor_1
05_2-028,2025-04-19,Hydrogen Unit,E-207,Preventive Maintenance,Contractor,Worker selected unsuitable respiratory protection for task | Supervisor observed missing PPE but allowed work to continue,True,True,False,False,2,Deferred maintenance,Hydrocarbon release,Low,Escalate recurring issue to HSE and management,Closed,0,05_2Factor_1
05_2-029,2025-02-27,Maintenance Area,E-101,Breakdown Maintenance,Electrical Maintenance,Worker worked at height without connecting safety harness | Maintenance continued without confirmed isolation,True,True,False,False,0,Corrective action not closed,Hydrocarbon release,Medium,Implement permanent corrective action,In Progress,0,05_2Factor_1
05_2-030,2026-03-08,CDU,P-101,Material Handling,Electrical Maintenance,Worker selected unsuitable respiratory protection for task | Lifting operation continued despite unsafe weather conditions,True,True,False,False,2,Unsafe condition,Fire,Medium,Increase supervisory monitoring,In Progress,0,05_2Factor_1
05_2-031,2025-08-13,Utilities,V-215,Material Handling,Instrumentation,Worker selected unsuitable respiratory protection for task | Hot work continued before required gas test was completed,True,True,False,False,0,Unsafe act,Hydrocarbon release,High,Stop work and enforce PPE,In Progress,0,05_2Factor_1
05_2-032,2026-01-18,CDU,FCC-LINE-08,Inspection,Mechanical Maintenance,Worker entered process area without safety helmet | Lifting operation continued despite unsafe weather conditions,True,True,False,False,2,Equipment degradation,Minor injury,Medium,Complete overdue inspection,Closed,0,05_2Factor_1
05_2-033,2024-05-12,VDU,GD-22,Routine Operation,Electrical Maintenance,Contractor used damaged safety shoes | Minor leakage was observed but work was allowed to continue,True,True,False,False,2,Inadequate supervision,Lost-time injury,Medium,Review permit and JSA,Closed,0,05_2Factor_1
05_2-034,2025-03-20,Utilities,P-101,Inspection,Mechanical Maintenance,Worker entered noisy compressor area without hearing protection | Work continued after permit expiry,True,True,False,False,1,Equipment degradation,Lost-time injury,Medium,Repair/replace defective equipment,In Progress,0,05_2Factor_1
05_2-035,2026-01-21,CDU,V-215,Hot Work,HSE,Worker bypassed mandatory PPE because task was considered short | Minor leakage was observed but work was allowed to continue,True,True,False,False,0,Procedure not followed,Fire,Low,Stop work and enforce PPE,Open,0,05_2Factor_1
05_2-036,2025-11-08,Tank Farm,V-215,Preventive Maintenance,HSE,Worker entered process area without safety helmet | Supervisor observed missing PPE but allowed work to continue,True,True,False,False,2,Inadequate supervision,Hydrocarbon release,Low,Review permit and JSA,In Progress,0,05_2Factor_1
05_2-037,2024-07-29,Hydrotreating Unit,CDU-LINE-14,Breakdown Maintenance,Instrumentation,Welder worked without fire-resistant clothing | Repeated contractor PPE violations were not escalated,True,True,False,False,2,Corrective action not closed,Equipment damage,Low,Stop work and enforce PPE,Open,0,05_2Factor_1
05_2-038,2024-10-16,Loading Bay,C-102,Work at Height,Contractor,Technician performed grinding without face shield | Work continued after permit expiry,True,True,False,False,0,Deferred maintenance,Fire,Medium,Complete overdue inspection,In Progress,0,05_2Factor_1
05_2-039,2024-02-10,CDU,FCC-LINE-08,Preventive Maintenance,Operations,Maintenance worker handled chemical line without chemical-resistant gloves | Work continued after permit expiry,True,True,False,False,1,Corrective action not closed,Minor injury,Medium,Escalate recurring issue to HSE and management,Overdue,0,05_2Factor_1
05_2-040,2024-06-01,Hydrogen Unit,E-101,Hot Work,Electrical Maintenance,Worker removed gloves during maintenance and continued work | Hot work continued before required gas test was completed,True,True,False,False,2,Deferred maintenance,Fire,Low,Stop work and enforce PPE,Open,0,05_2Factor_1
05_2-041,2026-04-12,VDU,P-204,Routine Operation,Operations,Worker entered process area without safety helmet | Confined-space work continued without continuous attendant supervision,True,True,False,False,1,Corrective action not closed,Hydrocarbon release,Medium,Repair/replace defective equipment,In Progress,0,05_2Factor_1
05_2-042,2024-12-02,Sulfur Recovery Unit,P-305,Preventive Maintenance,Instrumentation,Worker selected unsuitable respiratory protection for task | Abnormal equipment vibration was reported but operation continued,True,True,False,False,1,Deferred maintenance,Fire,Low,Review permit and JSA,Closed,0,05_2Factor_1
05_2-043,2026-05-05,FCC,TK-302,Routine Operation,Mechanical Maintenance,Worker selected unsuitable respiratory protection for task | Repeated contractor PPE violations were not escalated,True,True,False,False,2,Unsafe act,Minor injury,Medium,Review permit and JSA,Overdue,0,05_2Factor_1
05_2-044,2026-04-01,CDU,GD-22,Breakdown Maintenance,Instrumentation,Worker worked at height without connecting safety harness | Abnormal equipment vibration was reported but operation continued,True,True,False,False,1,Deferred maintenance,Equipment damage,Medium,Stop work and enforce PPE,Overdue,0,05_2Factor_1
05_2-045,2025-03-27,Loading Bay,PSV-114,Inspection,Contractor,Technician performed grinding without face shield | Confined-space work continued without continuous attendant supervision,True,True,False,False,2,Corrective action not closed,Minor injury,Medium,Complete overdue inspection,Open,0,05_2Factor_1
05_2-046,2025-03-19,Loading Bay,CDU-LINE-14,Routine Operation,Operations,Worker selected unsuitable respiratory protection for task | Lifting operation continued despite unsafe weather conditions,True,True,False,False,2,Equipment degradation,Lost-time injury,High,Repair/replace defective equipment,Overdue,0,05_2Factor_1
05_2-047,2026-05-22,Sulfur Recovery Unit,C-204,Routine Operation,HSE,Worker worked at height without connecting safety harness | Hot work continued before required gas test was completed,True,True,False,False,1,Unsafe condition,Lost-time injury,Medium,Escalate recurring issue to HSE and management,Overdue,0,05_2Factor_1
05_2-048,2025-02-16,Tank Farm,E-101,Work at Height,Operations,Technician performed grinding without face shield | Work continued after permit expiry,True,True,False,False,1,Deferred maintenance,Minor injury,High,Implement permanent corrective action,Open,0,05_2Factor_1
05_2-049,2024-04-15,Maintenance Area,CDU-LINE-14,Hot Work,HSE,Contractor used damaged safety shoes | Supervisor observed missing PPE but allowed work to continue,True,True,False,False,2,Procedure not followed,Minor injury,Low,Repair/replace defective equipment,Overdue,0,05_2Factor_1
05_2-050,2026-08-31,Loading Bay,PSV-114,Material Handling,Contractor,Worker entered noisy compressor area without hearing protection | Supervisor observed missing PPE but allowed work to continue,True,True,False,False,0,Equipment degradation,Fire,High,Complete overdue inspection,Overdue,0,05_2Factor_1
05_2-051,2024-04-26,Loading Bay,E-207,Work at Height,Contractor,Maintenance worker handled chemical line without chemical-resistant gloves | Supervisor observed missing PPE but allowed work to continue,True,True,False,False,1,Unsafe act,Fire,Medium,Stop work and enforce PPE,In Progress,0,05_2Factor_1
05_2-052,2025-05-19,VDU,GD-22,Confined Space,Mechanical Maintenance,Contractor used damaged safety shoes | Hot work continued before required gas test was completed,True,True,False,False,1,Deferred maintenance,Lost-time injury,Medium,Increase supervisory monitoring,In Progress,0,05_2Factor_1
05_2-053,2026-01-03,Tank Farm,FCC-LINE-08,Breakdown Maintenance,Instrumentation,Technician performed grinding without face shield | Repeated contractor PPE violations were not escalated,True,True,False,False,0,Unsafe act,Hydrocarbon release,Low,Escalate recurring issue to HSE and management,Open,0,05_2Factor_1
05_2-054,2025-07-20,FCC,TK-302,Breakdown Maintenance,Operations,Worker bypassed mandatory PPE because task was considered short | Work continued after permit expiry,True,True,False,False,2,Deferred maintenance,Equipment damage,Medium,Implement permanent corrective action,Closed,0,05_2Factor_1
05_2-055,2025-05-31,Utilities,V-110,Hot Work,Instrumentation,Contractor used damaged safety shoes | Abnormal equipment vibration was reported but operation continued,True,True,False,False,2,Corrective action not closed,Fire,Medium,Repair/replace defective equipment,In Progress,0,05_2Factor_1
05_2-056,2025-02-26,Hydrogen Unit,CDU-LINE-14,Hot Work,Contractor,Worker removed gloves during maintenance and continued work | Lifting operation continued despite unsafe weather conditions,True,True,False,False,2,Inadequate supervision,Lost-time injury,Medium,Implement permanent corrective action,In Progress,0,05_2Factor_1
05_2-057,2025-12-28,Sulfur Recovery Unit,E-207,Material Handling,HSE,Worker removed gloves during maintenance and continued work | Minor leakage was observed but work was allowed to continue,True,True,False,False,2,Procedure not followed,Minor injury,Medium,Implement permanent corrective action,Overdue,0,05_2Factor_1
05_2-058,2025-11-21,Utilities,P-305,Routine Operation,Contractor,Contractor used damaged safety shoes | Supervisor observed missing PPE but allowed work to continue,True,True,False,False,2,Unsafe act,Minor injury,Low,Repair/replace defective equipment,Closed,0,05_2Factor_1
05_2-059,2026-02-07,Hydrogen Unit,PSV-114,Routine Operation,Electrical Maintenance,Welder worked without fire-resistant clothing | Confined-space work continued without continuous attendant supervision,True,True,False,False,0,Corrective action not closed,Fire,Low,Review permit and JSA,Open,0,05_2Factor_1
05_2-060,2025-09-22,Utilities,V-215,Confined Space,Contractor,Worker removed gloves during maintenance and continued work | Repeated contractor PPE violations were not escalated,True,True,False,False,0,Inadequate supervision,Minor injury,Medium,Escalate recurring issue to HSE and management,Open,0,05_2Factor_1
05_2-061,2024-01-14,Maintenance Area,E-207,Inspection,Contractor,Maintenance worker handled chemical line without chemical-resistant gloves | Abnormal equipment vibration was reported but operation continued,True,True,False,False,1,Unsafe condition,Fire,Medium,Complete overdue inspection,Overdue,0,05_2Factor_1
05_2-062,2024-06-30,CDU,V-215,Hot Work,HSE,Worker worked at height without connecting safety harness | Maintenance continued without confirmed isolation,True,True,False,False,2,Inadequate supervision,Hydrocarbon release,Low,Repair/replace defective equipment,In Progress,0,05_2Factor_1
05_2-063,2025-08-21,FCC,V-110,Routine Operation,Contractor,Worker entered process area without safety helmet | Lifting operation continued despite unsafe weather conditions,True,True,False,False,1,Procedure not followed,Minor injury,Medium,Increase supervisory monitoring,Closed,0,05_2Factor_1
05_2-064,2025-05-17,Loading Bay,P-204,Breakdown Maintenance,Instrumentation,Technician performed grinding without face shield | Lifting operation continued despite unsafe weather conditions,True,True,False,False,2,Procedure not followed,Lost-time injury,Medium,Escalate recurring issue to HSE and management,Overdue,0,05_2Factor_1
05_2-065,2024-04-04,Sulfur Recovery Unit,C-204,Inspection,HSE,Maintenance worker handled chemical line without chemical-resistant gloves | Welding continued near hydrocarbon equipment without adequate controls,True,True,False,False,2,Procedure not followed,Fire,Medium,Review permit and JSA,Open,0,05_2Factor_1
05_2-066,2024-04-27,Sulfur Recovery Unit,V-215,Preventive Maintenance,Instrumentation,Worker selected unsuitable respiratory protection for task | Welding continued near hydrocarbon equipment without adequate controls,True,True,False,False,2,Inadequate supervision,Minor injury,Medium,Escalate recurring issue to HSE and management,Closed,0,05_2Factor_1
05_2-067,2024-01-26,Hydrotreating Unit,FCC-LINE-08,Inspection,Electrical Maintenance,Worker removed gloves during maintenance and continued work | Minor leakage was observed but work was allowed to continue,True,True,False,False,1,Procedure not followed,Minor injury,High,Stop work and enforce PPE,Open,0,05_2Factor_1
05_2-068,2024-06-20,VDU,C-102,Confined Space,Contractor,Technician performed grinding without face shield | Welding continued near hydrocarbon equipment without adequate controls,True,True,False,False,2,Corrective action not closed,Hydrocarbon release,Medium,Stop work and enforce PPE,In Progress,0,05_2Factor_1
05_2-069,2024-01-25,FCC,PSV-114,Hot Work,HSE,Worker entered noisy compressor area without hearing protection | Supervisor observed missing PPE but allowed work to continue,True,True,False,False,0,Unsafe act,Minor injury,Low,Escalate recurring issue to HSE and management,In Progress,0,05_2Factor_1
05_2-070,2026-07-21,Sulfur Recovery Unit,P-101,Confined Space,Contractor,Contractor used damaged safety shoes | Repeated contractor PPE violations were not escalated,True,True,False,False,1,Unsafe act,Hydrocarbon release,High,Escalate recurring issue to HSE and management,Open,0,05_2Factor_1
05_2-071,2025-10-18,Loading Bay,P-204,Hot Work,Contractor,Worker bypassed mandatory PPE because task was considered short | Supervisor observed missing PPE but allowed work to continue,True,True,False,False,2,Inadequate supervision,Fire,Low,Escalate recurring issue to HSE and management,Open,0,05_2Factor_1
05_2-072,2024-10-15,FCC,E-207,Inspection,Mechanical Maintenance,Contractor used damaged safety shoes | Repeated contractor PPE violations were not escalated,True,True,False,False,2,Equipment degradation,Hydrocarbon release,Low,Review permit and JSA,Closed,0,05_2Factor_1
05_2-073,2025-10-11,CDU,P-101,Confined Space,HSE,Welder worked without fire-resistant clothing | Lifting operation continued despite unsafe weather conditions,True,True,False,False,0,Procedure not followed,Minor injury,Medium,Stop work and enforce PPE,Closed,0,05_2Factor_1
05_2-074,2024-08-03,FCC,C-102,Hot Work,Mechanical Maintenance,Maintenance worker handled chemical line without chemical-resistant gloves | Repeated contractor PPE violations were not escalated,True,True,False,False,2,Unsafe act,Lost-time injury,Medium,Repair/replace defective equipment,Open,0,05_2Factor_1
05_2-075,2026-05-21,VDU,C-102,Material Handling,Electrical Maintenance,Worker removed gloves during maintenance and continued work | Hot work continued before required gas test was completed,True,True,False,False,1,Inadequate supervision,Fire,Low,Repair/replace defective equipment,In Progress,0,05_2Factor_1
05_2-001,2024-04-12,Tank Farm,V-110,Hot Work,Contractor,Repeated mechanical seal leakage was deferred to shutdown | Compressor abnormal vibration had been reported three times,False,False,True,True,1,Procedure not followed,Hydrocarbon release,Medium,Repair/replace defective equipment,Closed,0,05_2Factor_2
05_2-002,2026-04-07,Hydrogen Unit,TK-302,Confined Space,Electrical Maintenance,Gas detector gave intermittent readings and maintenance ticket remained open | Gas detector abnormal readings had generated repeated reports,False,False,True,True,0,Corrective action not closed,Lost-time injury,Medium,Complete overdue inspection,In Progress,0,05_2Factor_2
05_2-003,2025-11-26,Tank Farm,E-207,Preventive Maintenance,Mechanical Maintenance,Emergency shutdown button was defective and replacement was delayed | Oil accumulation near pump had generated repeated housekeeping complaints,False,False,True,True,3,Equipment degradation,Fire,Medium,Escalate recurring issue to HSE and management,Open,0,05_2Factor_2
05_2-004,2026-05-11,VDU,P-101,Routine Operation,HSE,Pressure gauge malfunction remained awaiting replacement | Bearing temperature had repeatedly been reported as abnormal,False,False,True,True,1,Procedure not followed,Minor injury,Medium,Review permit and JSA,In Progress,0,05_2Factor_2
05_2-005,2026-07-17,Sulfur Recovery Unit,V-215,Inspection,HSE,Damaged electrical cable received only temporary protection | Pipeline corrosion had appeared in two previous inspections,False,False,True,True,4,Equipment degradation,Lost-time injury,High,Increase supervisory monitoring,Closed,0,05_2Factor_2
05_2-006,2024-05-17,Loading Bay,P-101,Inspection,HSE,Damaged electrical cable received only temporary protection | Bearing temperature had repeatedly been reported as abnormal,False,False,True,True,0,Equipment degradation,Fire,High,Repair/replace defective equipment,In Progress,0,05_2Factor_2
05_2-007,2025-04-01,Sulfur Recovery Unit,P-101,Inspection,Instrumentation,Pressure gauge malfunction remained awaiting replacement | Valve leakage had repeatedly been treated only with temporary packing adjustment,False,False,True,True,4,Unsafe condition,Hydrocarbon release,Medium,Stop work and enforce PPE,Closed,0,05_2Factor_2
05_2-008,2025-01-13,Tank Farm,E-101,Routine Operation,Operations,Hydrocarbon leakage from process pipeline flange remained pending for repair | Poor lighting had been reported repeatedly,False,False,True,True,4,Equipment degradation,Hydrocarbon release,Medium,Complete overdue inspection,Open,0,05_2Factor_2
05_2-009,2025-12-21,Utilities,V-110,Preventive Maintenance,HSE,Pressure safety valve inspection was overdue | Valve leakage had repeatedly been treated only with temporary packing adjustment,False,False,True,True,4,Inadequate supervision,Hydrocarbon release,Medium,Review permit and JSA,In Progress,0,05_2Factor_2
05_2-010,2025-06-12,CDU,E-207,Breakdown Maintenance,Instrumentation,Cooling-water restriction remained unresolved | Loose flange had been reported during two previous rounds,False,False,True,True,3,Unsafe condition,Equipment damage,High,Repair/replace defective equipment,Open,0,05_2Factor_2
05_2-011,2025-06-10,Maintenance Area,TK-302,Preventive Maintenance,Contractor,Corrosion on process pipeline was identified but repair was deferred | Gas detector abnormal readings had generated repeated reports,False,False,True,True,1,Unsafe condition,Fire,Medium,Review permit and JSA,Closed,0,05_2Factor_2
05_2-012,2026-01-07,FCC,FCC-LINE-08,Confined Space,Operations,Emergency shutdown button was defective and replacement was delayed | Oil accumulation near pump had generated repeated housekeeping complaints,False,False,True,True,3,Unsafe condition,Equipment damage,Medium,Stop work and enforce PPE,In Progress,0,05_2Factor_2
05_2-013,2025-08-10,FCC,C-204,Breakdown Maintenance,HSE,Pressure gauge malfunction remained awaiting replacement | Bearing temperature had repeatedly been reported as abnormal,False,False,True,True,0,Deferred maintenance,Minor injury,Medium,Escalate recurring issue to HSE and management,Open,0,05_2Factor_2
05_2-014,2026-06-18,FCC,C-102,Confined Space,HSE,Pump abnormal vibration inspection was postponed | Poor lighting had been reported repeatedly,False,False,True,True,3,Unsafe condition,Hydrocarbon release,High,Increase supervisory monitoring,In Progress,0,05_2Factor_2
05_2-015,2025-09-30,Utilities,V-215,Breakdown Maintenance,Operations,Pressure gauge malfunction remained awaiting replacement | Loose flange had been reported during two previous rounds,False,False,True,True,3,Unsafe act,Lost-time injury,Low,Repair/replace defective equipment,Overdue,0,05_2Factor_2
05_2-016,2026-04-26,Maintenance Area,P-101,Preventive Maintenance,Operations,Repeated mechanical seal leakage was deferred to shutdown | Compressor abnormal vibration had been reported three times,False,False,True,True,1,Deferred maintenance,Equipment damage,High,Implement permanent corrective action,In Progress,0,05_2Factor_2
05_2-017,2026-07-12,Loading Bay,V-215,Inspection,Instrumentation,Gas detector gave intermittent readings and maintenance ticket remained open | Bearing temperature had repeatedly been reported as abnormal,False,False,True,True,3,Corrective action not closed,Minor injury,Medium,Increase supervisory monitoring,Overdue,0,05_2Factor_2
05_2-018,2024-12-24,VDU,C-204,Confined Space,Electrical Maintenance,Gas detector gave intermittent readings and maintenance ticket remained open | Gas detector abnormal readings had generated repeated reports,False,False,True,True,2,Unsafe condition,Lost-time injury,High,Stop work and enforce PPE,Open,0,05_2Factor_2
05_2-019,2025-08-14,Utilities,V-110,Preventive Maintenance,Mechanical Maintenance,Damaged electrical cable received only temporary protection | Pump leakage had been reported twice previously,False,False,True,True,3,Deferred maintenance,Fire,Medium,Implement permanent corrective action,Closed,0,05_2Factor_2
05_2-020,2024-09-24,Hydrogen Unit,V-215,Material Handling,Mechanical Maintenance,Repeated mechanical seal leakage was deferred to shutdown | Loose flange had been reported during two previous rounds,False,False,True,True,4,Inadequate supervision,Hydrocarbon release,Medium,Escalate recurring issue to HSE and management,Overdue,0,05_2Factor_2
05_2-021,2024-09-16,Hydrogen Unit,E-101,Breakdown Maintenance,Operations,Repeated mechanical seal leakage was deferred to shutdown | Loose flange had been reported during two previous rounds,False,False,True,True,3,Unsafe condition,Minor injury,Medium,Escalate recurring issue to HSE and management,Overdue,0,05_2Factor_2
05_2-022,2026-03-15,CDU,PSV-114,Preventive Maintenance,Mechanical Maintenance,Damaged electrical cable received only temporary protection | Valve leakage had repeatedly been treated only with temporary packing adjustment,False,False,True,True,0,Deferred maintenance,Hydrocarbon release,Medium,Escalate recurring issue to HSE and management,Overdue,0,05_2Factor_2
05_2-023,2024-03-31,CDU,TK-302,Confined Space,Instrumentation,Pressure safety valve inspection was overdue | Poor lighting had been reported repeatedly,False,False,True,True,2,Procedure not followed,Equipment damage,Low,Implement permanent corrective action,Closed,0,05_2Factor_2
05_2-024,2025-12-29,Loading Bay,C-204,Inspection,Operations,Pressure gauge malfunction remained awaiting replacement | Oil accumulation near pump had generated repeated housekeeping complaints,False,False,True,True,3,Corrective action not closed,Lost-time injury,Low,Escalate recurring issue to HSE and management,In Progress,0,05_2Factor_2
05_2-025,2025-09-21,VDU,C-204,Confined Space,Electrical Maintenance,Hydrocarbon leakage from process pipeline flange remained pending for repair | Loose flange had been reported during two previous rounds,False,False,True,True,1,Equipment degradation,Lost-time injury,Low,Review permit and JSA,Overdue,0,05_2Factor_2
05_2-026,2025-08-23,Hydrotreating Unit,TK-302,Work at Height,Electrical Maintenance,Damaged electrical cable received only temporary protection | Pump leakage had been reported twice previously,False,False,True,True,0,Corrective action not closed,Equipment damage,Low,Complete overdue inspection,In Progress,0,05_2Factor_2
05_2-027,2025-09-12,FCC,V-215,Preventive Maintenance,HSE,Emergency shutdown button was defective and replacement was delayed | Emergency shower low pressure had been reported repeatedly,False,False,True,True,4,Unsafe act,Fire,Low,Escalate recurring issue to HSE and management,Closed,0,05_2Factor_2
05_2-028,2024-12-14,Utilities,CDU-LINE-14,Material Handling,Mechanical Maintenance,Damaged electrical cable received only temporary protection | Pipeline corrosion had appeared in two previous inspections,False,False,True,True,4,Corrective action not closed,Hydrocarbon release,Medium,Complete overdue inspection,Overdue,0,05_2Factor_2
05_2-029,2025-11-28,VDU,V-215,Inspection,Contractor,Repeated mechanical seal leakage was deferred to shutdown | Pump leakage had been reported twice previously,False,False,True,True,3,Equipment degradation,Fire,Low,Repair/replace defective equipment,Closed,0,05_2Factor_2
05_2-030,2025-02-26,Hydrotreating Unit,P-204,Confined Space,Contractor,Damaged electrical cable received only temporary protection | Bearing temperature had repeatedly been reported as abnormal,False,False,True,True,0,Equipment degradation,Lost-time injury,Medium,Increase supervisory monitoring,Closed,0,05_2Factor_2
05_2-031,2024-03-18,Hydrotreating Unit,P-305,Inspection,Instrumentation,Emergency shutdown button was defective and replacement was delayed | Loose flange had been reported during two previous rounds,False,False,True,True,2,Equipment degradation,Equipment damage,Medium,Repair/replace defective equipment,In Progress,0,05_2Factor_2
05_2-032,2026-01-23,Maintenance Area,V-110,Breakdown Maintenance,Operations,Pressure safety valve inspection was overdue | Poor lighting had been reported repeatedly,False,False,True,True,1,Unsafe act,Lost-time injury,Medium,Stop work and enforce PPE,Overdue,0,05_2Factor_2
05_2-033,2025-09-20,Sulfur Recovery Unit,E-101,Hot Work,Instrumentation,Damaged electrical cable received only temporary protection | Pump leakage had been reported twice previously,False,False,True,True,3,Unsafe condition,Equipment damage,Medium,Increase supervisory monitoring,Closed,0,05_2Factor_2
05_2-034,2025-02-11,Loading Bay,P-101,Work at Height,Instrumentation,Repeated mechanical seal leakage was deferred to shutdown | Gas detector abnormal readings had generated repeated reports,False,False,True,True,0,Corrective action not closed,Hydrocarbon release,High,Implement permanent corrective action,In Progress,0,05_2Factor_2
05_2-035,2025-04-13,Hydrogen Unit,V-215,Preventive Maintenance,Electrical Maintenance,Damaged electrical cable received only temporary protection | Oil accumulation near pump had generated repeated housekeeping complaints,False,False,True,True,2,Inadequate supervision,Minor injury,Low,Escalate recurring issue to HSE and management,Closed,0,05_2Factor_2
05_2-036,2024-07-10,FCC,E-101,Confined Space,Mechanical Maintenance,Corrosion on process pipeline was identified but repair was deferred | Pipeline corrosion had appeared in two previous inspections,False,False,True,True,3,Deferred maintenance,Fire,Medium,Implement permanent corrective action,Closed,0,05_2Factor_2
05_2-037,2025-01-08,Hydrogen Unit,GD-22,Preventive Maintenance,Contractor,Pressure safety valve inspection was overdue | Oil accumulation near pump had generated repeated housekeeping complaints,False,False,True,True,1,Inadequate supervision,Equipment damage,Medium,Increase supervisory monitoring,In Progress,0,05_2Factor_2
05_2-038,2025-07-22,CDU,P-305,Confined Space,Instrumentation,Gas detector gave intermittent readings and maintenance ticket remained open | Poor lighting had been reported repeatedly,False,False,True,True,1,Unsafe condition,Hydrocarbon release,Medium,Increase supervisory monitoring,Closed,0,05_2Factor_2
05_2-039,2026-03-15,VDU,TK-302,Breakdown Maintenance,Operations,Pressure safety valve inspection was overdue | Pipeline corrosion had appeared in two previous inspections,False,False,True,True,4,Unsafe condition,Hydrocarbon release,Low,Increase supervisory monitoring,Closed,0,05_2Factor_2
05_2-040,2025-05-02,Loading Bay,E-207,Hot Work,Electrical Maintenance,Emergency shutdown button was defective and replacement was delayed | Loose flange had been reported during two previous rounds,False,False,True,True,2,Unsafe act,Fire,Medium,Review permit and JSA,Open,0,05_2Factor_2
05_2-041,2024-12-25,Sulfur Recovery Unit,V-110,Material Handling,Contractor,Repeated mechanical seal leakage was deferred to shutdown | Valve leakage had repeatedly been treated only with temporary packing adjustment,False,False,True,True,4,Deferred maintenance,Fire,Medium,Stop work and enforce PPE,Overdue,0,05_2Factor_2
05_2-042,2025-09-20,Maintenance Area,CDU-LINE-14,Confined Space,Operations,Emergency shutdown button was defective and replacement was delayed | Gas detector abnormal readings had generated repeated reports,False,False,True,True,1,Unsafe act,Hydrocarbon release,Medium,Repair/replace defective equipment,Closed,0,05_2Factor_2
05_2-043,2024-08-21,Tank Farm,PSV-114,Work at Height,Contractor,Cooling-water restriction remained unresolved | Pipeline corrosion had appeared in two previous inspections,False,False,True,True,2,Procedure not followed,Fire,High,Escalate recurring issue to HSE and management,Overdue,0,05_2Factor_2
05_2-044,2025-02-27,VDU,C-102,Breakdown Maintenance,Instrumentation,Pressure gauge malfunction remained awaiting replacement | Pump leakage had been reported twice previously,False,False,True,True,1,Unsafe act,Fire,Medium,Stop work and enforce PPE,Open,0,05_2Factor_2
05_2-045,2026-08-17,VDU,P-204,Hot Work,HSE,Damaged electrical cable received only temporary protection | Pump leakage had been reported twice previously,False,False,True,True,0,Unsafe condition,Equipment damage,High,Stop work and enforce PPE,Overdue,0,05_2Factor_2
05_2-046,2024-11-12,Loading Bay,GD-22,Breakdown Maintenance,Operations,Corrosion on process pipeline was identified but repair was deferred | Pipeline corrosion had appeared in two previous inspections,False,False,True,True,3,Unsafe act,Lost-time injury,Medium,Implement permanent corrective action,Closed,0,05_2Factor_2
05_2-047,2026-05-31,Tank Farm,P-305,Breakdown Maintenance,HSE,Emergency shutdown button was defective and replacement was delayed | Oil accumulation near pump had generated repeated housekeeping complaints,False,False,True,True,4,Procedure not followed,Equipment damage,Medium,Review permit and JSA,Overdue,0,05_2Factor_2
05_2-048,2025-06-20,Tank Farm,C-204,Work at Height,Instrumentation,Cooling-water restriction remained unresolved | Oil accumulation near pump had generated repeated housekeeping complaints,False,False,True,True,4,Inadequate supervision,Minor injury,Medium,Repair/replace defective equipment,Closed,0,05_2Factor_2
05_2-049,2024-01-11,Loading Bay,P-101,Material Handling,Instrumentation,Damaged electrical cable received only temporary protection | Gas detector abnormal readings had generated repeated reports,False,False,True,True,2,Inadequate supervision,Hydrocarbon release,Medium,Stop work and enforce PPE,Overdue,0,05_2Factor_2
05_2-050,2026-03-28,Utilities,E-207,Confined Space,Instrumentation,Repeated mechanical seal leakage was deferred to shutdown | Poor lighting had been reported repeatedly,False,False,True,True,0,Unsafe condition,Lost-time injury,Medium,Repair/replace defective equipment,Overdue,0,05_2Factor_2
05_2-051,2026-04-28,Loading Bay,PSV-114,Hot Work,Electrical Maintenance,Corrosion on process pipeline was identified but repair was deferred | Pipeline corrosion had appeared in two previous inspections,False,False,True,True,0,Equipment degradation,Lost-time injury,High,Implement permanent corrective action,Closed,0,05_2Factor_2
05_2-052,2025-02-26,Tank Farm,CDU-LINE-14,Material Handling,Electrical Maintenance,Pump abnormal vibration inspection was postponed | Gas detector abnormal readings had generated repeated reports,False,False,True,True,1,Equipment degradation,Minor injury,Medium,Escalate recurring issue to HSE and management,Overdue,0,05_2Factor_2
05_2-053,2024-07-11,VDU,C-204,Hot Work,Mechanical Maintenance,Hydrocarbon leakage from process pipeline flange remained pending for repair | Gas detector abnormal readings had generated repeated reports,False,False,True,True,0,Equipment degradation,Lost-time injury,Low,Review permit and JSA,Open,0,05_2Factor_2
05_2-054,2024-08-26,Utilities,C-204,Material Handling,Electrical Maintenance,Pressure gauge malfunction remained awaiting replacement | Pump leakage had been reported twice previously,False,False,True,True,3,Deferred maintenance,Fire,Medium,Implement permanent corrective action,Open,0,05_2Factor_2
05_2-055,2024-12-04,Loading Bay,E-101,Breakdown Maintenance,Mechanical Maintenance,Pressure gauge malfunction remained awaiting replacement | Pump leakage had been reported twice previously,False,False,True,True,2,Corrective action not closed,Minor injury,High,Complete overdue inspection,Overdue,0,05_2Factor_2
05_2-056,2026-04-28,CDU,C-102,Material Handling,Contractor,Pump abnormal vibration inspection was postponed | Poor lighting had been reported repeatedly,False,False,True,True,3,Corrective action not closed,Lost-time injury,High,Stop work and enforce PPE,In Progress,0,05_2Factor_2
05_2-057,2025-04-29,Loading Bay,P-204,Hot Work,Instrumentation,Pressure safety valve inspection was overdue | Loose flange had been reported during two previous rounds,False,False,True,True,1,Equipment degradation,Equipment damage,Low,Complete overdue inspection,In Progress,0,05_2Factor_2
05_2-058,2025-01-04,CDU,P-305,Hot Work,HSE,Corrosion on process pipeline was identified but repair was deferred | Compressor abnormal vibration had been reported three times,False,False,True,True,1,Unsafe act,Fire,High,Review permit and JSA,In Progress,0,05_2Factor_2
05_2-059,2024-01-10,VDU,C-102,Breakdown Maintenance,Instrumentation,Repeated mechanical seal leakage was deferred to shutdown | Oil accumulation near pump had generated repeated housekeeping complaints,False,False,True,True,4,Unsafe act,Fire,Medium,Implement permanent corrective action,Closed,0,05_2Factor_2
05_2-060,2026-08-11,Tank Farm,C-102,Work at Height,HSE,Hydrocarbon leakage from process pipeline flange remained pending for repair | Loose flange had been reported during two previous rounds,False,False,True,True,1,Corrective action not closed,Lost-time injury,Low,Implement permanent corrective action,Closed,0,05_2Factor_2
05_2-061,2026-04-04,Hydrotreating Unit,P-101,Material Handling,Contractor,Corrosion on process pipeline was identified but repair was deferred | Pump leakage had been reported twice previously,False,False,True,True,3,Deferred maintenance,Lost-time injury,Medium,Escalate recurring issue to HSE and management,Closed,0,05_2Factor_2
05_2-062,2025-07-09,Tank Farm,C-204,Breakdown Maintenance,Operations,Corrosion on process pipeline was identified but repair was deferred | Valve leakage had repeatedly been treated only with temporary packing adjustment,False,False,True,True,1,Procedure not followed,Fire,Medium,Repair/replace defective equipment,Overdue,0,05_2Factor_2
05_2-063,2024-10-29,Utilities,TK-302,Breakdown Maintenance,Operations,Damaged electrical cable received only temporary protection | Loose flange had been reported during two previous rounds,False,False,True,True,3,Procedure not followed,Equipment damage,Low,Increase supervisory monitoring,Closed,0,05_2Factor_2
05_2-064,2026-03-05,Loading Bay,FCC-LINE-08,Material Handling,HSE,Cooling-water restriction remained unresolved | Compressor abnormal vibration had been reported three times,False,False,True,True,4,Unsafe condition,Lost-time injury,High,Escalate recurring issue to HSE and management,Closed,0,05_2Factor_2
05_2-065,2024-11-26,FCC,P-305,Routine Operation,Mechanical Maintenance,Cooling-water restriction remained unresolved | Compressor abnormal vibration had been reported three times,False,False,True,True,0,Unsafe act,Minor injury,Low,Review permit and JSA,In Progress,0,05_2Factor_2
05_2-066,2024-04-11,Sulfur Recovery Unit,C-102,Preventive Maintenance,Operations,Repeated mechanical seal leakage was deferred to shutdown | Emergency shower low pressure had been reported repeatedly,False,False,True,True,3,Unsafe condition,Minor injury,Medium,Implement permanent corrective action,Overdue,0,05_2Factor_2
05_2-067,2026-08-08,CDU,GD-22,Hot Work,HSE,Emergency shutdown button was defective and replacement was delayed | Pump leakage had been reported twice previously,False,False,True,True,2,Unsafe act,Fire,High,Implement permanent corrective action,Open,0,05_2Factor_2
05_2-068,2026-05-04,Hydrogen Unit,E-207,Confined Space,Mechanical Maintenance,Pump abnormal vibration inspection was postponed | Poor lighting had been reported repeatedly,False,False,True,True,4,Unsafe condition,Minor injury,Low,Escalate recurring issue to HSE and management,In Progress,0,05_2Factor_2
05_2-069,2025-08-06,Sulfur Recovery Unit,FCC-LINE-08,Material Handling,Contractor,Damaged electrical cable received only temporary protection | Bearing temperature had repeatedly been reported as abnormal,False,False,True,True,3,Equipment degradation,Equipment damage,Low,Review permit and JSA,Open,0,05_2Factor_2
05_2-070,2024-06-19,Loading Bay,CDU-LINE-14,Material Handling,Electrical Maintenance,Damaged electrical cable received only temporary protection | Emergency shower low pressure had been reported repeatedly,False,False,True,True,4,Inadequate supervision,Lost-time injury,Medium,Escalate recurring issue to HSE and management,Closed,0,05_2Factor_2
05_2-071,2026-05-15,Loading Bay,C-102,Confined Space,HSE,Gas detector gave intermittent readings and maintenance ticket remained open | Emergency shower low pressure had been reported repeatedly,False,False,True,True,2,Equipment degradation,Equipment damage,Medium,Complete overdue inspection,Closed,0,05_2Factor_2
05_2-072,2025-04-08,CDU,E-207,Breakdown Maintenance,Electrical Maintenance,Gas detector gave intermittent readings and maintenance ticket remained open | Pump leakage had been reported twice previously,False,False,True,True,0,Unsafe act,Equipment damage,Medium,Complete overdue inspection,In Progress,0,05_2Factor_2
05_2-073,2024-08-07,CDU,E-101,Work at Height,Mechanical Maintenance,Hydrocarbon leakage from process pipeline flange remained pending for repair | Pipeline corrosion had appeared in two previous inspections,False,False,True,True,4,Unsafe condition,Minor injury,Medium,Complete overdue inspection,Closed,0,05_2Factor_2
05_2-074,2026-06-29,Utilities,CDU-LINE-14,Inspection,Contractor,Corrosion on process pipeline was identified but repair was deferred | Pipeline corrosion had appeared in two previous inspections,False,False,True,True,2,Unsafe act,Equipment damage,Low,Implement permanent corrective action,Closed,0,05_2Factor_2
05_2-075,2026-03-22,Hydrotreating Unit,P-101,Confined Space,Operations,Pressure gauge malfunction remained awaiting replacement | Oil accumulation near pump had generated repeated housekeeping complaints,False,False,True,True,4,Corrective action not closed,Equipment damage,Low,Stop work and enforce PPE,Closed,0,05_2Factor_2
05_2-001,2024-12-22,CDU,C-204,Routine Operation,Electrical Maintenance,Repeated contractor PPE violations were not escalated | Pump abnormal vibration inspection was postponed,False,True,True,False,0,Procedure not followed,Hydrocarbon release,Low,Escalate recurring issue to HSE and management,In Progress,0,05_2Factor_3
05_2-002,2024-11-30,Maintenance Area,CDU-LINE-14,Preventive Maintenance,Mechanical Maintenance,Maintenance continued without confirmed isolation | Hydrocarbon leakage from process pipeline flange remained pending for repair,False,True,True,False,2,Deferred maintenance,Hydrocarbon release,High,Complete overdue inspection,Overdue,0,05_2Factor_3
05_2-003,2024-05-31,Utilities,C-204,Preventive Maintenance,Instrumentation,Lifting operation continued despite unsafe weather conditions | Pump abnormal vibration inspection was postponed,False,True,True,False,1,Procedure not followed,Equipment damage,Low,Review permit and JSA,In Progress,0,05_2Factor_3
05_2-004,2026-02-19,Maintenance Area,C-102,Inspection,Mechanical Maintenance,Work continued after permit expiry | Damaged electrical cable received only temporary protection,False,True,True,False,0,Unsafe act,Hydrocarbon release,High,Complete overdue inspection,Overdue,0,05_2Factor_3
05_2-005,2024-11-27,Hydrogen Unit,V-110,Work at Height,HSE,Hot work continued before required gas test was completed | Gas detector gave intermittent readings and maintenance ticket remained open,False,True,True,False,1,Equipment degradation,Fire,Medium,Stop work and enforce PPE,Closed,0,05_2Factor_3
05_2-006,2024-06-22,CDU,GD-22,Inspection,Mechanical Maintenance,Abnormal equipment vibration was reported but operation continued | Emergency shutdown button was defective and replacement was delayed,False,True,True,False,2,Equipment degradation,Hydrocarbon release,Medium,Complete overdue inspection,In Progress,0,05_2Factor_3
05_2-007,2026-02-14,CDU,V-110,Preventive Maintenance,Electrical Maintenance,Hot work continued before required gas test was completed | Hydrocarbon leakage from process pipeline flange remained pending for repair,False,True,True,False,0,Deferred maintenance,Fire,Medium,Review permit and JSA,Open,0,05_2Factor_3
05_2-008,2024-12-05,Tank Farm,CDU-LINE-14,Breakdown Maintenance,Contractor,Minor leakage was observed but work was allowed to continue | Corrosion on process pipeline was identified but repair was deferred,False,True,True,False,0,Equipment degradation,Equipment damage,Medium,Implement permanent corrective action,Open,0,05_2Factor_3
05_2-009,2025-01-20,Maintenance Area,C-204,Routine Operation,Instrumentation,Confined-space work continued without continuous attendant supervision | Pressure gauge malfunction remained awaiting replacement,False,True,True,False,0,Equipment degradation,Lost-time injury,Medium,Stop work and enforce PPE,Open,0,05_2Factor_3
05_2-010,2025-02-01,Hydrogen Unit,V-215,Preventive Maintenance,Electrical Maintenance,Lifting operation continued despite unsafe weather conditions | Pump abnormal vibration inspection was postponed,False,True,True,False,0,Deferred maintenance,Hydrocarbon release,Medium,Increase supervisory monitoring,Open,0,05_2Factor_3
05_2-011,2024-07-09,Hydrogen Unit,E-207,Hot Work,Electrical Maintenance,Minor leakage was observed but work was allowed to continue | Emergency shutdown button was defective and replacement was delayed,False,True,True,False,2,Deferred maintenance,Minor injury,Low,Review permit and JSA,In Progress,0,05_2Factor_3
05_2-012,2024-01-19,Loading Bay,C-204,Routine Operation,Contractor,Lifting operation continued despite unsafe weather conditions | Cooling-water restriction remained unresolved,False,True,True,False,2,Inadequate supervision,Lost-time injury,Medium,Review permit and JSA,Open,0,05_2Factor_3
05_2-013,2026-08-24,VDU,TK-302,Confined Space,HSE,Welding continued near hydrocarbon equipment without adequate controls | Pressure gauge malfunction remained awaiting replacement,False,True,True,False,1,Equipment degradation,Lost-time injury,High,Escalate recurring issue to HSE and management,In Progress,0,05_2Factor_3
05_2-014,2025-03-03,Sulfur Recovery Unit,E-101,Breakdown Maintenance,Mechanical Maintenance,Abnormal equipment vibration was reported but operation continued | Pressure gauge malfunction remained awaiting replacement,False,True,True,False,1,Equipment degradation,Equipment damage,Medium,Repair/replace defective equipment,In Progress,0,05_2Factor_3
05_2-015,2026-06-02,Maintenance Area,P-305,Work at Height,Operations,Confined-space work continued without continuous attendant supervision | Damaged electrical cable received only temporary protection,False,True,True,False,0,Procedure not followed,Lost-time injury,High,Escalate recurring issue to HSE and management,Open,0,05_2Factor_3
05_2-016,2024-07-07,Hydrotreating Unit,E-101,Hot Work,Mechanical Maintenance,Maintenance continued without confirmed isolation | Hydrocarbon leakage from process pipeline flange remained pending for repair,False,True,True,False,1,Corrective action not closed,Hydrocarbon release,High,Repair/replace defective equipment,Open,0,05_2Factor_3
05_2-017,2024-05-14,Maintenance Area,CDU-LINE-14,Inspection,HSE,Supervisor observed missing PPE but allowed work to continue | Repeated mechanical seal leakage was deferred to shutdown,False,True,True,False,2,Unsafe condition,Equipment damage,Medium,Repair/replace defective equipment,Open,0,05_2Factor_3
05_2-018,2025-01-02,FCC,GD-22,Confined Space,Instrumentation,Work continued after permit expiry | Pressure gauge malfunction remained awaiting replacement,False,True,True,False,2,Deferred maintenance,Fire,High,Repair/replace defective equipment,In Progress,0,05_2Factor_3
05_2-019,2024-07-16,Hydrogen Unit,TK-302,Inspection,Mechanical Maintenance,Supervisor observed missing PPE but allowed work to continue | Gas detector gave intermittent readings and maintenance ticket remained open,False,True,True,False,0,Unsafe act,Hydrocarbon release,Medium,Repair/replace defective equipment,Overdue,0,05_2Factor_3
05_2-020,2026-06-06,CDU,CDU-LINE-14,Confined Space,Contractor,Lifting operation continued despite unsafe weather conditions | Emergency shutdown button was defective and replacement was delayed,False,True,True,False,0,Inadequate supervision,Hydrocarbon release,High,Review permit and JSA,Open,0,05_2Factor_3
05_2-021,2025-06-17,Loading Bay,V-215,Routine Operation,HSE,Work continued after permit expiry | Emergency shutdown button was defective and replacement was delayed,False,True,True,False,0,Deferred maintenance,Equipment damage,Medium,Escalate recurring issue to HSE and management,Open,0,05_2Factor_3
05_2-022,2024-07-13,FCC,V-215,Hot Work,HSE,Work continued after permit expiry | Gas detector gave intermittent readings and maintenance ticket remained open,False,True,True,False,1,Unsafe act,Hydrocarbon release,Medium,Implement permanent corrective action,In Progress,0,05_2Factor_3
05_2-023,2025-04-19,Loading Bay,P-305,Confined Space,Instrumentation,Hot work continued before required gas test was completed | Damaged electrical cable received only temporary protection,False,True,True,False,0,Inadequate supervision,Equipment damage,Medium,Review permit and JSA,Open,0,05_2Factor_3
05_2-024,2024-07-02,Sulfur Recovery Unit,TK-302,Breakdown Maintenance,Contractor,Abnormal equipment vibration was reported but operation continued | Corrosion on process pipeline was identified but repair was deferred,False,True,True,False,1,Equipment degradation,Fire,Low,Stop work and enforce PPE,Open,0,05_2Factor_3
05_2-025,2024-04-26,Maintenance Area,P-305,Confined Space,HSE,Lifting operation continued despite unsafe weather conditions | Pump abnormal vibration inspection was postponed,False,True,True,False,2,Deferred maintenance,Equipment damage,High,Stop work and enforce PPE,In Progress,0,05_2Factor_3
05_2-026,2026-07-23,CDU,V-215,Hot Work,Electrical Maintenance,Abnormal equipment vibration was reported but operation continued | Pressure gauge malfunction remained awaiting replacement,False,True,True,False,0,Equipment degradation,Lost-time injury,Medium,Increase supervisory monitoring,Overdue,0,05_2Factor_3
05_2-027,2024-10-22,Hydrotreating Unit,P-101,Material Handling,Instrumentation,Hot work continued before required gas test was completed | Pressure gauge malfunction remained awaiting replacement,False,True,True,False,0,Corrective action not closed,Equipment damage,Low,Review permit and JSA,Open,0,05_2Factor_3
05_2-028,2025-09-14,Utilities,E-101,Preventive Maintenance,HSE,Welding continued near hydrocarbon equipment without adequate controls | Corrosion on process pipeline was identified but repair was deferred,False,True,True,False,2,Procedure not followed,Hydrocarbon release,High,Stop work and enforce PPE,In Progress,0,05_2Factor_3
05_2-029,2026-06-22,FCC,P-101,Work at Height,Operations,Abnormal equipment vibration was reported but operation continued | Damaged electrical cable received only temporary protection,False,True,True,False,0,Unsafe condition,Lost-time injury,Low,Increase supervisory monitoring,Open,0,05_2Factor_3
05_2-030,2025-11-14,FCC,P-305,Hot Work,HSE,Lifting operation continued despite unsafe weather conditions | Pump abnormal vibration inspection was postponed,False,True,True,False,0,Equipment degradation,Hydrocarbon release,Low,Implement permanent corrective action,In Progress,0,05_2Factor_3
05_2-031,2025-04-11,Utilities,GD-22,Preventive Maintenance,Instrumentation,Supervisor observed missing PPE but allowed work to continue | Pump abnormal vibration inspection was postponed,False,True,True,False,1,Corrective action not closed,Fire,Medium,Escalate recurring issue to HSE and management,Open,0,05_2Factor_3
05_2-032,2024-10-26,Loading Bay,V-215,Inspection,Contractor,Maintenance continued without confirmed isolation | Pump abnormal vibration inspection was postponed,False,True,True,False,2,Unsafe condition,Fire,Medium,Escalate recurring issue to HSE and management,Open,0,05_2Factor_3
05_2-033,2024-04-21,Maintenance Area,GD-22,Work at Height,Electrical Maintenance,Work continued after permit expiry | Repeated mechanical seal leakage was deferred to shutdown,False,True,True,False,2,Procedure not followed,Hydrocarbon release,Medium,Escalate recurring issue to HSE and management,Closed,0,05_2Factor_3
05_2-034,2026-08-07,FCC,CDU-LINE-14,Inspection,Contractor,Abnormal equipment vibration was reported but operation continued | Repeated mechanical seal leakage was deferred to shutdown,False,True,True,False,1,Inadequate supervision,Hydrocarbon release,High,Repair/replace defective equipment,Open,0,05_2Factor_3
05_2-035,2024-05-01,Utilities,V-215,Routine Operation,Electrical Maintenance,Work continued after permit expiry | Pump abnormal vibration inspection was postponed,False,True,True,False,2,Inadequate supervision,Equipment damage,Medium,Escalate recurring issue to HSE and management,In Progress,0,05_2Factor_3
05_2-036,2024-01-12,Loading Bay,E-207,Work at Height,Operations,Confined-space work continued without continuous attendant supervision | Pressure safety valve inspection was overdue,False,True,True,False,0,Unsafe act,Fire,Medium,Implement permanent corrective action,Closed,0,05_2Factor_3
05_2-037,2024-12-15,Sulfur Recovery Unit,GD-22,Work at Height,Contractor,Abnormal equipment vibration was reported but operation continued | Repeated mechanical seal leakage was deferred to shutdown,False,True,True,False,0,Deferred maintenance,Lost-time injury,Medium,Review permit and JSA,Open,0,05_2Factor_3
05_2-038,2025-10-23,Sulfur Recovery Unit,E-101,Confined Space,Contractor,Work continued after permit expiry | Pressure gauge malfunction remained awaiting replacement,False,True,True,False,2,Unsafe act,Equipment damage,High,Increase supervisory monitoring,Closed,0,05_2Factor_3
05_2-039,2025-08-01,Sulfur Recovery Unit,PSV-114,Work at Height,Operations,Minor leakage was observed but work was allowed to continue | Damaged electrical cable received only temporary protection,False,True,True,False,0,Unsafe condition,Equipment damage,Medium,Complete overdue inspection,Open,0,05_2Factor_3
05_2-040,2024-12-13,Maintenance Area,P-204,Hot Work,Contractor,Minor leakage was observed but work was allowed to continue | Pressure gauge malfunction remained awaiting replacement,False,True,True,False,2,Corrective action not closed,Lost-time injury,High,Complete overdue inspection,Open,0,05_2Factor_3
05_2-041,2024-10-05,Hydrotreating Unit,C-102,Hot Work,Mechanical Maintenance,Hot work continued before required gas test was completed | Emergency shutdown button was defective and replacement was delayed,False,True,True,False,0,Unsafe act,Hydrocarbon release,Medium,Complete overdue inspection,Open,0,05_2Factor_3
05_2-042,2026-03-07,Loading Bay,P-305,Inspection,Electrical Maintenance,Hot work continued before required gas test was completed | Emergency shutdown button was defective and replacement was delayed,False,True,True,False,2,Deferred maintenance,Hydrocarbon release,Low,Implement permanent corrective action,Closed,0,05_2Factor_3
05_2-043,2026-03-05,CDU,E-101,Confined Space,Contractor,Maintenance continued without confirmed isolation | Pump abnormal vibration inspection was postponed,False,True,True,False,2,Corrective action not closed,Lost-time injury,Medium,Escalate recurring issue to HSE and management,Open,0,05_2Factor_3
05_2-044,2024-01-05,CDU,P-204,Hot Work,Operations,Supervisor observed missing PPE but allowed work to continue | Repeated mechanical seal leakage was deferred to shutdown,False,True,True,False,0,Procedure not followed,Hydrocarbon release,Medium,Increase supervisory monitoring,Closed,0,05_2Factor_3
05_2-045,2025-10-16,Loading Bay,V-110,Material Handling,Contractor,Lifting operation continued despite unsafe weather conditions | Corrosion on process pipeline was identified but repair was deferred,False,True,True,False,0,Unsafe act,Fire,Medium,Complete overdue inspection,In Progress,0,05_2Factor_3
05_2-046,2024-06-10,Loading Bay,V-110,Work at Height,Electrical Maintenance,Hot work continued before required gas test was completed | Hydrocarbon leakage from process pipeline flange remained pending for repair,False,True,True,False,2,Unsafe condition,Lost-time injury,Low,Implement permanent corrective action,Closed,0,05_2Factor_3
05_2-047,2025-08-10,Tank Farm,P-101,Breakdown Maintenance,Operations,Maintenance continued without confirmed isolation | Pump abnormal vibration inspection was postponed,False,True,True,False,1,Deferred maintenance,Equipment damage,Medium,Implement permanent corrective action,Open,0,05_2Factor_3
05_2-048,2024-04-18,Maintenance Area,CDU-LINE-14,Material Handling,HSE,Supervisor observed missing PPE but allowed work to continue | Pump abnormal vibration inspection was postponed,False,True,True,False,1,Inadequate supervision,Lost-time injury,High,Complete overdue inspection,Closed,0,05_2Factor_3
05_2-049,2026-04-17,Tank Farm,P-204,Material Handling,Electrical Maintenance,Minor leakage was observed but work was allowed to continue | Pump abnormal vibration inspection was postponed,False,True,True,False,1,Equipment degradation,Minor injury,Medium,Implement permanent corrective action,Overdue,0,05_2Factor_3
05_2-050,2025-04-26,Utilities,P-305,Work at Height,Electrical Maintenance,Welding continued near hydrocarbon equipment without adequate controls | Pressure gauge malfunction remained awaiting replacement,False,True,True,False,2,Deferred maintenance,Fire,Medium,Review permit and JSA,Open,0,05_2Factor_3
05_2-051,2024-03-07,Hydrotreating Unit,PSV-114,Work at Height,HSE,Hot work continued before required gas test was completed | Cooling-water restriction remained unresolved,False,True,True,False,1,Procedure not followed,Lost-time injury,High,Repair/replace defective equipment,Open,0,05_2Factor_3
05_2-052,2025-02-19,Loading Bay,E-101,Confined Space,HSE,Lifting operation continued despite unsafe weather conditions | Damaged electrical cable received only temporary protection,False,True,True,False,2,Deferred maintenance,Fire,Low,Repair/replace defective equipment,In Progress,0,05_2Factor_3
05_2-053,2025-07-15,Maintenance Area,V-215,Confined Space,HSE,Work continued after permit expiry | Gas detector gave intermittent readings and maintenance ticket remained open,False,True,True,False,0,Corrective action not closed,Lost-time injury,Medium,Complete overdue inspection,In Progress,0,05_2Factor_3
05_2-054,2024-06-26,Loading Bay,P-204,Material Handling,Mechanical Maintenance,Abnormal equipment vibration was reported but operation continued | Emergency shutdown button was defective and replacement was delayed,False,True,True,False,0,Inadequate supervision,Fire,High,Review permit and JSA,Open,0,05_2Factor_3
05_2-055,2025-09-04,VDU,C-102,Breakdown Maintenance,HSE,Abnormal equipment vibration was reported but operation continued | Gas detector gave intermittent readings and maintenance ticket remained open,False,True,True,False,1,Corrective action not closed,Minor injury,High,Implement permanent corrective action,Open,0,05_2Factor_3
05_2-056,2026-02-14,Maintenance Area,CDU-LINE-14,Material Handling,Mechanical Maintenance,Maintenance continued without confirmed isolation | Emergency shutdown button was defective and replacement was delayed,False,True,True,False,2,Unsafe condition,Hydrocarbon release,Medium,Implement permanent corrective action,Closed,0,05_2Factor_3
05_2-057,2024-11-02,Loading Bay,V-215,Breakdown Maintenance,Electrical Maintenance,Repeated contractor PPE violations were not escalated | Cooling-water restriction remained unresolved,False,True,True,False,0,Unsafe act,Equipment damage,Low,Complete overdue inspection,Open,0,05_2Factor_3
05_2-058,2024-01-01,Maintenance Area,V-215,Work at Height,Contractor,Hot work continued before required gas test was completed | Pressure safety valve inspection was overdue,False,True,True,False,0,Deferred maintenance,Hydrocarbon release,Medium,Review permit and JSA,Overdue,0,05_2Factor_3
05_2-059,2025-03-21,Utilities,GD-22,Work at Height,Instrumentation,Maintenance continued without confirmed isolation | Emergency shutdown button was defective and replacement was delayed,False,True,True,False,0,Unsafe condition,Equipment damage,Medium,Complete overdue inspection,In Progress,0,05_2Factor_3
05_2-060,2024-05-17,FCC,P-204,Breakdown Maintenance,Contractor,Hot work continued before required gas test was completed | Hydrocarbon leakage from process pipeline flange remained pending for repair,False,True,True,False,0,Corrective action not closed,Hydrocarbon release,High,Review permit and JSA,Overdue,0,05_2Factor_3
05_2-061,2026-07-04,Tank Farm,V-215,Work at Height,Mechanical Maintenance,Abnormal equipment vibration was reported but operation continued | Pressure gauge malfunction remained awaiting replacement,False,True,True,False,1,Unsafe condition,Equipment damage,High,Review permit and JSA,Open,0,05_2Factor_3
05_2-062,2025-08-14,Maintenance Area,V-110,Routine Operation,Operations,Welding continued near hydrocarbon equipment without adequate controls | Damaged electrical cable received only temporary protection,False,True,True,False,1,Procedure not followed,Equipment damage,High,Review permit and JSA,Closed,0,05_2Factor_3
05_2-063,2024-04-25,Loading Bay,P-204,Preventive Maintenance,Mechanical Maintenance,Hot work continued before required gas test was completed | Pressure gauge malfunction remained awaiting replacement,False,True,True,False,2,Deferred maintenance,Hydrocarbon release,Medium,Implement permanent corrective action,Open,0,05_2Factor_3
05_2-064,2025-12-01,Tank Farm,E-207,Material Handling,HSE,Abnormal equipment vibration was reported but operation continued | Hydrocarbon leakage from process pipeline flange remained pending for repair,False,True,True,False,1,Equipment degradation,Hydrocarbon release,Low,Complete overdue inspection,Overdue,0,05_2Factor_3
05_2-065,2024-12-27,Hydrotreating Unit,P-101,Material Handling,HSE,Confined-space work continued without continuous attendant supervision | Pressure gauge malfunction remained awaiting replacement,False,True,True,False,0,Unsafe condition,Equipment damage,Medium,Escalate recurring issue to HSE and management,Open,0,05_2Factor_3
05_2-066,2025-11-03,FCC,E-207,Preventive Maintenance,Electrical Maintenance,Abnormal equipment vibration was reported but operation continued | Hydrocarbon leakage from process pipeline flange remained pending for repair,False,True,True,False,1,Inadequate supervision,Minor injury,High,Repair/replace defective equipment,Closed,0,05_2Factor_3
05_2-067,2024-10-08,FCC,FCC-LINE-08,Material Handling,Electrical Maintenance,Supervisor observed missing PPE but allowed work to continue | Pump abnormal vibration inspection was postponed,False,True,True,False,2,Corrective action not closed,Equipment damage,Medium,Repair/replace defective equipment,Closed,0,05_2Factor_3
05_2-068,2026-03-12,VDU,P-305,Breakdown Maintenance,Instrumentation,Work continued after permit expiry | Pressure gauge malfunction remained awaiting replacement,False,True,True,False,2,Corrective action not closed,Fire,Low,Review permit and JSA,Overdue,0,05_2Factor_3
05_2-069,2024-08-31,Hydrotreating Unit,PSV-114,Preventive Maintenance,Operations,Maintenance continued without confirmed isolation | Corrosion on process pipeline was identified but repair was deferred,False,True,True,False,2,Unsafe condition,Minor injury,Medium,Review permit and JSA,Overdue,0,05_2Factor_3
05_2-070,2025-05-02,Tank Farm,C-204,Breakdown Maintenance,HSE,Work continued after permit expiry | Damaged electrical cable received only temporary protection,False,True,True,False,0,Corrective action not closed,Hydrocarbon release,High,Review permit and JSA,Open,0,05_2Factor_3
05_2-071,2024-10-22,Loading Bay,FCC-LINE-08,Work at Height,Instrumentation,Repeated contractor PPE violations were not escalated | Cooling-water restriction remained unresolved,False,True,True,False,2,Procedure not followed,Minor injury,Low,Implement permanent corrective action,Closed,0,05_2Factor_3
05_2-072,2024-12-09,Hydrogen Unit,TK-302,Inspection,HSE,Confined-space work continued without continuous attendant supervision | Pump abnormal vibration inspection was postponed,False,True,True,False,1,Inadequate supervision,Hydrocarbon release,High,Implement permanent corrective action,In Progress,0,05_2Factor_3
05_2-073,2024-11-16,Loading Bay,P-204,Material Handling,Electrical Maintenance,Supervisor observed missing PPE but allowed work to continue | Pump abnormal vibration inspection was postponed,False,True,True,False,0,Unsafe condition,Minor injury,High,Implement permanent corrective action,Closed,0,05_2Factor_3
05_2-074,2024-09-14,Maintenance Area,FCC-LINE-08,Inspection,HSE,Supervisor observed missing PPE but allowed work to continue | Hydrocarbon leakage from process pipeline flange remained pending for repair,False,True,True,False,2,Equipment degradation,Minor injury,Low,Stop work and enforce PPE,Open,0,05_2Factor_3
05_2-075,2024-03-29,Hydrotreating Unit,C-204,Material Handling,Contractor,Repeated contractor PPE violations were not escalated | Repeated mechanical seal leakage was deferred to shutdown,False,True,True,False,0,Unsafe act,Lost-time injury,Low,Implement permanent corrective action,Overdue,0,05_2Factor_3
08_3-001,2026-08-02,CDU,V-215,Confined Space,Electrical Maintenance,Contractor used damaged safety shoes | Lifting operation continued despite unsafe weather conditions | Pressure safety valve inspection was overdue,True,True,True,False,0,Unsafe act,Fire,Low,Complete overdue inspection,Closed,0,08_3Factor_1
08_3-002,2024-07-01,Tank Farm,P-204,Breakdown Maintenance,HSE,Technician performed grinding without face shield | Work continued after permit expiry | Corrosion on process pipeline was identified but repair was deferred,True,True,True,False,2,Corrective action not closed,Lost-time injury,High,Review permit and JSA,In Progress,0,08_3Factor_1
08_3-003,2025-09-20,VDU,CDU-LINE-14,Hot Work,Instrumentation,Technician performed grinding without face shield | Work continued after permit expiry | Pressure safety valve inspection was overdue,True,True,True,False,0,Unsafe act,Minor injury,Low,Review permit and JSA,In Progress,0,08_3Factor_1
08_3-004,2025-10-30,Utilities,CDU-LINE-14,Routine Operation,HSE,Worker entered process area without safety helmet | Supervisor observed missing PPE but allowed work to continue | Gas detector gave intermittent readings and maintenance ticket remained open,True,True,True,False,1,Equipment degradation,Fire,Medium,Increase supervisory monitoring,Overdue,0,08_3Factor_1
08_3-005,2025-05-04,Tank Farm,P-204,Work at Height,Electrical Maintenance,Contractor used damaged safety shoes | Hot work continued before required gas test was completed | Damaged electrical cable received only temporary protection,True,True,True,False,0,Equipment degradation,Hydrocarbon release,Low,Complete overdue inspection,Overdue,0,08_3Factor_1
08_3-006,2024-02-26,Hydrotreating Unit,FCC-LINE-08,Inspection,Mechanical Maintenance,Technician performed grinding without face shield | Lifting operation continued despite unsafe weather conditions | Damaged electrical cable received only temporary protection,True,True,True,False,1,Procedure not followed,Hydrocarbon release,Low,Stop work and enforce PPE,Overdue,0,08_3Factor_1
08_3-007,2025-11-07,VDU,FCC-LINE-08,Material Handling,Contractor,Welder worked without fire-resistant clothing | Repeated contractor PPE violations were not escalated | Pump abnormal vibration inspection was postponed,True,True,True,False,2,Unsafe condition,Hydrocarbon release,Medium,Repair/replace defective equipment,Open,0,08_3Factor_1
08_3-008,2024-07-16,Hydrotreating Unit,E-101,Material Handling,Operations,Worker bypassed mandatory PPE because task was considered short | Welding continued near hydrocarbon equipment without adequate controls | Emergency shutdown button was defective and replacement was delayed,True,True,True,False,1,Unsafe act,Equipment damage,Low,Complete overdue inspection,Open,0,08_3Factor_1
08_3-009,2024-12-11,FCC,TK-302,Inspection,Operations,Worker entered process area without safety helmet | Repeated contractor PPE violations were not escalated | Pump abnormal vibration inspection was postponed,True,True,True,False,0,Unsafe act,Equipment damage,High,Implement permanent corrective action,In Progress,0,08_3Factor_1
08_3-010,2025-05-15,CDU,P-305,Routine Operation,Electrical Maintenance,Worker entered process area without safety helmet | Work continued after permit expiry | Repeated mechanical seal leakage was deferred to shutdown,True,True,True,False,0,Corrective action not closed,Lost-time injury,Medium,Increase supervisory monitoring,Open,0,08_3Factor_1
08_3-011,2025-04-12,Maintenance Area,PSV-114,Inspection,Operations,Worker worked at height without connecting safety harness | Abnormal equipment vibration was reported but operation continued | Pump abnormal vibration inspection was postponed,True,True,True,False,0,Corrective action not closed,Hydrocarbon release,Low,Repair/replace defective equipment,Overdue,0,08_3Factor_1
08_3-012,2024-12-11,Hydrogen Unit,PSV-114,Routine Operation,HSE,Contractor used damaged safety shoes | Lifting operation continued despite unsafe weather conditions | Pump abnormal vibration inspection was postponed,True,True,True,False,2,Unsafe condition,Fire,Medium,Complete overdue inspection,Open,0,08_3Factor_1
08_3-013,2024-05-03,FCC,E-101,Inspection,HSE,Worker worked at height without connecting safety harness | Repeated contractor PPE violations were not escalated | Pressure gauge malfunction remained awaiting replacement,True,True,True,False,2,Unsafe act,Equipment damage,Medium,Repair/replace defective equipment,Open,0,08_3Factor_1
08_3-014,2026-03-21,CDU,P-101,Breakdown Maintenance,Operations,Worker bypassed mandatory PPE because task was considered short | Repeated contractor PPE violations were not escalated | Pressure gauge malfunction remained awaiting replacement,True,True,True,False,0,Equipment degradation,Minor injury,High,Implement permanent corrective action,Closed,0,08_3Factor_1
08_3-015,2025-03-02,Tank Farm,V-215,Inspection,Mechanical Maintenance,Worker selected unsuitable respiratory protection for task | Maintenance continued without confirmed isolation | Corrosion on process pipeline was identified but repair was deferred,True,True,True,False,0,Procedure not followed,Equipment damage,Medium,Implement permanent corrective action,Open,0,08_3Factor_1
08_3-016,2025-09-02,Utilities,P-101,Inspection,Mechanical Maintenance,Worker selected unsuitable respiratory protection for task | Abnormal equipment vibration was reported but operation continued | Pump abnormal vibration inspection was postponed,True,True,True,False,2,Unsafe act,Fire,Medium,Escalate recurring issue to HSE and management,Open,0,08_3Factor_1
08_3-017,2025-09-25,CDU,C-102,Preventive Maintenance,Mechanical Maintenance,Worker removed gloves during maintenance and continued work | Minor leakage was observed but work was allowed to continue | Corrosion on process pipeline was identified but repair was deferred,True,True,True,False,1,Equipment degradation,Fire,Medium,Increase supervisory monitoring,Overdue,0,08_3Factor_1
08_3-018,2025-05-24,Hydrogen Unit,V-215,Hot Work,Electrical Maintenance,Worker worked at height without connecting safety harness | Supervisor observed missing PPE but allowed work to continue | Hydrocarbon leakage from process pipeline flange remained pending for repair,True,True,True,False,2,Procedure not followed,Fire,Medium,Increase supervisory monitoring,Overdue,0,08_3Factor_1
08_3-019,2024-02-14,Loading Bay,P-204,Preventive Maintenance,Mechanical Maintenance,Worker entered process area without safety helmet | Minor leakage was observed but work was allowed to continue | Pressure gauge malfunction remained awaiting replacement,True,True,True,False,0,Equipment degradation,Hydrocarbon release,Low,Review permit and JSA,Closed,0,08_3Factor_1
08_3-020,2025-03-05,Hydrogen Unit,TK-302,Confined Space,Mechanical Maintenance,Worker entered noisy compressor area without hearing protection | Welding continued near hydrocarbon equipment without adequate controls | Pump abnormal vibration inspection was postponed,True,True,True,False,1,Deferred maintenance,Minor injury,Medium,Repair/replace defective equipment,Open,0,08_3Factor_1
08_3-021,2025-04-27,Tank Farm,P-305,Confined Space,Electrical Maintenance,Worker selected unsuitable respiratory protection for task | Supervisor observed missing PPE but allowed work to continue | Gas detector gave intermittent readings and maintenance ticket remained open,True,True,True,False,0,Unsafe condition,Equipment damage,Medium,Review permit and JSA,In Progress,0,08_3Factor_1
08_3-022,2025-10-09,CDU,C-204,Breakdown Maintenance,Operations,Welder worked without fire-resistant clothing | Welding continued near hydrocarbon equipment without adequate controls | Cooling-water restriction remained unresolved,True,True,True,False,0,Corrective action not closed,Equipment damage,Low,Review permit and JSA,Overdue,0,08_3Factor_1
08_3-023,2025-03-04,FCC,CDU-LINE-14,Inspection,Operations,Worker entered noisy compressor area without hearing protection | Welding continued near hydrocarbon equipment without adequate controls | Pressure safety valve inspection was overdue,True,True,True,False,2,Deferred maintenance,Equipment damage,Medium,Increase supervisory monitoring,Overdue,0,08_3Factor_1
08_3-024,2026-06-01,Hydrogen Unit,C-102,Work at Height,Instrumentation,Worker bypassed mandatory PPE because task was considered short | Work continued after permit expiry | Emergency shutdown button was defective and replacement was delayed,True,True,True,False,1,Procedure not followed,Hydrocarbon release,Low,Repair/replace defective equipment,In Progress,0,08_3Factor_1
08_3-025,2026-07-24,CDU,V-215,Confined Space,Instrumentation,Worker entered process area without safety helmet | Repeated contractor PPE violations were not escalated | Hydrocarbon leakage from process pipeline flange remained pending for repair,True,True,True,False,0,Corrective action not closed,Equipment damage,High,Increase supervisory monitoring,Open,0,08_3Factor_1
08_3-026,2025-04-08,FCC,V-110,Hot Work,Mechanical Maintenance,Maintenance worker handled chemical line without chemical-resistant gloves | Hot work continued before required gas test was completed | Damaged electrical cable received only temporary protection,True,True,True,False,0,Equipment degradation,Lost-time injury,High,Stop work and enforce PPE,Open,0,08_3Factor_1
08_3-027,2025-05-06,Tank Farm,PSV-114,Breakdown Maintenance,Contractor,Welder worked without fire-resistant clothing | Maintenance continued without confirmed isolation | Emergency shutdown button was defective and replacement was delayed,True,True,True,False,2,Deferred maintenance,Hydrocarbon release,Low,Repair/replace defective equipment,Closed,0,08_3Factor_1
08_3-028,2025-10-03,CDU,C-204,Confined Space,Electrical Maintenance,Worker entered process area without safety helmet | Hot work continued before required gas test was completed | Gas detector gave intermittent readings and maintenance ticket remained open,True,True,True,False,2,Equipment degradation,Equipment damage,Medium,Escalate recurring issue to HSE and management,In Progress,0,08_3Factor_1
08_3-029,2026-03-17,Sulfur Recovery Unit,P-101,Preventive Maintenance,Instrumentation,Technician performed grinding without face shield | Abnormal equipment vibration was reported but operation continued | Cooling-water restriction remained unresolved,True,True,True,False,2,Inadequate supervision,Equipment damage,Low,Review permit and JSA,Open,0,08_3Factor_1
08_3-030,2025-01-09,Sulfur Recovery Unit,C-102,Preventive Maintenance,Contractor,Worker worked at height without connecting safety harness | Minor leakage was observed but work was allowed to continue | Pump abnormal vibration inspection was postponed,True,True,True,False,2,Deferred maintenance,Lost-time injury,Medium,Implement permanent corrective action,In Progress,0,08_3Factor_1
08_3-031,2026-02-10,CDU,P-204,Work at Height,Electrical Maintenance,Maintenance worker handled chemical line without chemical-resistant gloves | Lifting operation continued despite unsafe weather conditions | Cooling-water restriction remained unresolved,True,True,True,False,1,Deferred maintenance,Fire,High,Review permit and JSA,Open,0,08_3Factor_1
08_3-032,2025-04-26,Hydrogen Unit,E-101,Preventive Maintenance,Operations,Worker removed gloves during maintenance and continued work | Minor leakage was observed but work was allowed to continue | Pressure safety valve inspection was overdue,True,True,True,False,1,Deferred maintenance,Minor injury,Medium,Repair/replace defective equipment,Closed,0,08_3Factor_1
08_3-033,2024-03-19,FCC,GD-22,Inspection,HSE,Worker worked at height without connecting safety harness | Confined-space work continued without continuous attendant supervision | Pump abnormal vibration inspection was postponed,True,True,True,False,2,Equipment degradation,Hydrocarbon release,Medium,Stop work and enforce PPE,Closed,0,08_3Factor_1
08_3-034,2025-03-02,CDU,C-204,Inspection,Operations,Worker removed gloves during maintenance and continued work | Maintenance continued without confirmed isolation | Emergency shutdown button was defective and replacement was delayed,True,True,True,False,1,Unsafe act,Hydrocarbon release,High,Increase supervisory monitoring,In Progress,0,08_3Factor_1
08_3-035,2026-05-04,Maintenance Area,FCC-LINE-08,Material Handling,Instrumentation,Worker entered noisy compressor area without hearing protection | Repeated contractor PPE violations were not escalated | Repeated mechanical seal leakage was deferred to shutdown,True,True,True,False,1,Inadequate supervision,Hydrocarbon release,Medium,Escalate recurring issue to HSE and management,In Progress,0,08_3Factor_1
08_3-036,2026-07-08,CDU,P-305,Work at Height,Electrical Maintenance,Worker worked at height without connecting safety harness | Confined-space work continued without continuous attendant supervision | Corrosion on process pipeline was identified but repair was deferred,True,True,True,False,1,Deferred maintenance,Fire,Medium,Repair/replace defective equipment,In Progress,0,08_3Factor_1
08_3-037,2025-12-29,Hydrogen Unit,P-204,Routine Operation,Electrical Maintenance,Welder worked without fire-resistant clothing | Maintenance continued without confirmed isolation | Pressure gauge malfunction remained awaiting replacement,True,True,True,False,2,Procedure not followed,Lost-time injury,Medium,Repair/replace defective equipment,Overdue,0,08_3Factor_1
08_3-038,2024-09-23,Sulfur Recovery Unit,P-305,Work at Height,Instrumentation,Worker worked at height without connecting safety harness | Welding continued near hydrocarbon equipment without adequate controls | Damaged electrical cable received only temporary protection,True,True,True,False,2,Procedure not followed,Fire,Low,Repair/replace defective equipment,Closed,0,08_3Factor_1
08_3-039,2024-05-04,CDU,TK-302,Work at Height,Contractor,Contractor used damaged safety shoes | Work continued after permit expiry | Pressure gauge malfunction remained awaiting replacement,True,True,True,False,1,Equipment degradation,Lost-time injury,Medium,Complete overdue inspection,Overdue,0,08_3Factor_1
08_3-040,2026-07-06,VDU,TK-302,Material Handling,Operations,Worker bypassed mandatory PPE because task was considered short | Maintenance continued without confirmed isolation | Repeated mechanical seal leakage was deferred to shutdown,True,True,True,False,2,Unsafe condition,Fire,High,Implement permanent corrective action,Open,0,08_3Factor_1
08_3-041,2024-11-11,Sulfur Recovery Unit,P-101,Inspection,HSE,Contractor used damaged safety shoes | Abnormal equipment vibration was reported but operation continued | Corrosion on process pipeline was identified but repair was deferred,True,True,True,False,1,Procedure not followed,Minor injury,Medium,Repair/replace defective equipment,Closed,0,08_3Factor_1
08_3-042,2024-07-19,Utilities,C-102,Material Handling,Electrical Maintenance,Technician performed grinding without face shield | Minor leakage was observed but work was allowed to continue | Emergency shutdown button was defective and replacement was delayed,True,True,True,False,2,Procedure not followed,Equipment damage,Low,Escalate recurring issue to HSE and management,Open,0,08_3Factor_1
08_3-043,2026-07-19,Utilities,V-110,Routine Operation,Electrical Maintenance,Worker entered noisy compressor area without hearing protection | Repeated contractor PPE violations were not escalated | Pressure gauge malfunction remained awaiting replacement,True,True,True,False,2,Inadequate supervision,Fire,High,Complete overdue inspection,Closed,0,08_3Factor_1
08_3-044,2025-04-01,Hydrotreating Unit,P-305,Confined Space,Contractor,Technician performed grinding without face shield | Welding continued near hydrocarbon equipment without adequate controls | Emergency shutdown button was defective and replacement was delayed,True,True,True,False,2,Deferred maintenance,Hydrocarbon release,High,Repair/replace defective equipment,Open,0,08_3Factor_1
08_3-045,2024-05-27,Utilities,P-204,Routine Operation,Instrumentation,Welder worked without fire-resistant clothing | Work continued after permit expiry | Damaged electrical cable received only temporary protection,True,True,True,False,1,Equipment degradation,Equipment damage,Low,Complete overdue inspection,Overdue,0,08_3Factor_1
08_3-046,2024-06-28,Hydrotreating Unit,E-207,Material Handling,Operations,Worker selected unsuitable respiratory protection for task | Abnormal equipment vibration was reported but operation continued | Pressure gauge malfunction remained awaiting replacement,True,True,True,False,0,Corrective action not closed,Hydrocarbon release,Medium,Increase supervisory monitoring,Closed,0,08_3Factor_1
08_3-047,2026-05-04,CDU,PSV-114,Routine Operation,Mechanical Maintenance,Welder worked without fire-resistant clothing | Work continued after permit expiry | Damaged electrical cable received only temporary protection,True,True,True,False,2,Inadequate supervision,Lost-time injury,High,Complete overdue inspection,Overdue,0,08_3Factor_1
08_3-048,2024-05-07,VDU,PSV-114,Hot Work,Instrumentation,Welder worked without fire-resistant clothing | Repeated contractor PPE violations were not escalated | Pressure gauge malfunction remained awaiting replacement,True,True,True,False,1,Unsafe act,Minor injury,Medium,Escalate recurring issue to HSE and management,Closed,0,08_3Factor_1
08_3-049,2025-08-18,Sulfur Recovery Unit,E-207,Routine Operation,Electrical Maintenance,Worker bypassed mandatory PPE because task was considered short | Repeated contractor PPE violations were not escalated | Pressure safety valve inspection was overdue,True,True,True,False,2,Unsafe condition,Minor injury,High,Escalate recurring issue to HSE and management,Open,0,08_3Factor_1
08_3-050,2024-05-29,Sulfur Recovery Unit,V-215,Work at Height,Operations,Worker selected unsuitable respiratory protection for task | Maintenance continued without confirmed isolation | Cooling-water restriction remained unresolved,True,True,True,False,0,Inadequate supervision,Fire,Low,Complete overdue inspection,Open,0,08_3Factor_1
08_3-051,2025-06-10,Hydrotreating Unit,C-204,Work at Height,Operations,Worker worked at height without connecting safety harness | Hot work continued before required gas test was completed | Repeated mechanical seal leakage was deferred to shutdown,True,True,True,False,0,Procedure not followed,Fire,Medium,Escalate recurring issue to HSE and management,Closed,0,08_3Factor_1
08_3-052,2026-04-23,Utilities,V-110,Breakdown Maintenance,Operations,Worker entered process area without safety helmet | Maintenance continued without confirmed isolation | Damaged electrical cable received only temporary protection,True,True,True,False,1,Unsafe condition,Hydrocarbon release,Medium,Repair/replace defective equipment,In Progress,0,08_3Factor_1
08_3-053,2026-05-01,Tank Farm,P-204,Preventive Maintenance,Mechanical Maintenance,Worker removed gloves during maintenance and continued work | Abnormal equipment vibration was reported but operation continued | Damaged electrical cable received only temporary protection,True,True,True,False,2,Unsafe act,Hydrocarbon release,Low,Review permit and JSA,Closed,0,08_3Factor_1
08_3-054,2024-11-15,Hydrotreating Unit,P-101,Preventive Maintenance,Mechanical Maintenance,Worker entered noisy compressor area without hearing protection | Maintenance continued without confirmed isolation | Emergency shutdown button was defective and replacement was delayed,True,True,True,False,2,Unsafe condition,Lost-time injury,Medium,Increase supervisory monitoring,In Progress,0,08_3Factor_1
08_3-055,2025-12-05,VDU,P-204,Routine Operation,Instrumentation,Welder worked without fire-resistant clothing | Maintenance continued without confirmed isolation | Corrosion on process pipeline was identified but repair was deferred,True,True,True,False,0,Corrective action not closed,Hydrocarbon release,Low,Review permit and JSA,Open,0,08_3Factor_1
08_3-056,2024-07-20,Hydrotreating Unit,P-101,Preventive Maintenance,Electrical Maintenance,Worker entered process area without safety helmet | Minor leakage was observed but work was allowed to continue | Repeated mechanical seal leakage was deferred to shutdown,True,True,True,False,0,Equipment degradation,Minor injury,High,Stop work and enforce PPE,Open,0,08_3Factor_1
08_3-057,2026-03-12,CDU,P-204,Breakdown Maintenance,Contractor,Worker bypassed mandatory PPE because task was considered short | Welding continued near hydrocarbon equipment without adequate controls | Repeated mechanical seal leakage was deferred to shutdown,True,True,True,False,0,Inadequate supervision,Fire,Medium,Escalate recurring issue to HSE and management,Closed,0,08_3Factor_1
08_3-058,2024-12-26,Maintenance Area,PSV-114,Routine Operation,HSE,Worker removed gloves during maintenance and continued work | Abnormal equipment vibration was reported but operation continued | Corrosion on process pipeline was identified but repair was deferred,True,True,True,False,2,Unsafe condition,Minor injury,Low,Implement permanent corrective action,In Progress,0,08_3Factor_1
08_3-059,2024-10-15,Maintenance Area,P-305,Material Handling,Contractor,Worker removed gloves during maintenance and continued work | Supervisor observed missing PPE but allowed work to continue | Pump abnormal vibration inspection was postponed,True,True,True,False,0,Unsafe act,Fire,High,Repair/replace defective equipment,Closed,0,08_3Factor_1
08_3-060,2025-01-23,VDU,E-101,Preventive Maintenance,HSE,Maintenance worker handled chemical line without chemical-resistant gloves | Minor leakage was observed but work was allowed to continue | Corrosion on process pipeline was identified but repair was deferred,True,True,True,False,1,Unsafe condition,Fire,Low,Review permit and JSA,Closed,0,08_3Factor_1
08_3-061,2025-12-22,Utilities,C-204,Material Handling,HSE,Worker removed gloves during maintenance and continued work | Supervisor observed missing PPE but allowed work to continue | Pump abnormal vibration inspection was postponed,True,True,True,False,1,Equipment degradation,Minor injury,High,Complete overdue inspection,Overdue,0,08_3Factor_1
08_3-062,2024-08-19,Sulfur Recovery Unit,P-305,Routine Operation,Contractor,Contractor used damaged safety shoes | Confined-space work continued without continuous attendant supervision | Gas detector gave intermittent readings and maintenance ticket remained open,True,True,True,False,0,Deferred maintenance,Hydrocarbon release,Low,Implement permanent corrective action,Open,0,08_3Factor_1
08_3-063,2025-02-09,Maintenance Area,P-204,Breakdown Maintenance,Operations,Worker removed gloves during maintenance and continued work | Hot work continued before required gas test was completed | Pump abnormal vibration inspection was postponed,True,True,True,False,0,Inadequate supervision,Hydrocarbon release,High,Repair/replace defective equipment,Closed,0,08_3Factor_1
08_3-064,2024-07-24,Maintenance Area,CDU-LINE-14,Hot Work,Contractor,Contractor used damaged safety shoes | Hot work continued before required gas test was completed | Corrosion on process pipeline was identified but repair was deferred,True,True,True,False,1,Deferred maintenance,Fire,High,Complete overdue inspection,Overdue,0,08_3Factor_1
08_3-065,2025-11-13,VDU,P-204,Hot Work,Instrumentation,Contractor used damaged safety shoes | Work continued after permit expiry | Damaged electrical cable received only temporary protection,True,True,True,False,1,Deferred maintenance,Hydrocarbon release,Medium,Repair/replace defective equipment,In Progress,0,08_3Factor_1
08_3-066,2024-01-31,Utilities,CDU-LINE-14,Work at Height,Mechanical Maintenance,Worker entered process area without safety helmet | Hot work continued before required gas test was completed | Emergency shutdown button was defective and replacement was delayed,True,True,True,False,2,Inadequate supervision,Lost-time injury,Low,Escalate recurring issue to HSE and management,Open,0,08_3Factor_1
08_3-067,2026-02-17,Tank Farm,E-207,Hot Work,HSE,Worker removed gloves during maintenance and continued work | Work continued after permit expiry | Emergency shutdown button was defective and replacement was delayed,True,True,True,False,0,Inadequate supervision,Hydrocarbon release,Medium,Increase supervisory monitoring,Open,0,08_3Factor_1
08_3-068,2026-09-02,Tank Farm,E-101,Routine Operation,Operations,Contractor used damaged safety shoes | Hot work continued before required gas test was completed | Gas detector gave intermittent readings and maintenance ticket remained open,True,True,True,False,1,Unsafe condition,Hydrocarbon release,Medium,Escalate recurring issue to HSE and management,Closed,0,08_3Factor_1
08_3-069,2026-06-24,Tank Farm,PSV-114,Preventive Maintenance,HSE,Worker worked at height without connecting safety harness | Work continued after permit expiry | Gas detector gave intermittent readings and maintenance ticket remained open,True,True,True,False,0,Equipment degradation,Hydrocarbon release,Medium,Review permit and JSA,Overdue,0,08_3Factor_1
08_3-070,2025-05-02,Maintenance Area,V-215,Work at Height,Electrical Maintenance,Worker worked at height without connecting safety harness | Minor leakage was observed but work was allowed to continue | Hydrocarbon leakage from process pipeline flange remained pending for repair,True,True,True,False,1,Inadequate supervision,Hydrocarbon release,Medium,Stop work and enforce PPE,Open,0,08_3Factor_1
08_3-071,2025-08-27,Utilities,P-204,Confined Space,Electrical Maintenance,Worker worked at height without connecting safety harness | Lifting operation continued despite unsafe weather conditions | Cooling-water restriction remained unresolved,True,True,True,False,2,Inadequate supervision,Fire,Low,Review permit and JSA,Closed,0,08_3Factor_1
08_3-072,2024-02-27,VDU,TK-302,Preventive Maintenance,Electrical Maintenance,Maintenance worker handled chemical line without chemical-resistant gloves | Welding continued near hydrocarbon equipment without adequate controls | Corrosion on process pipeline was identified but repair was deferred,True,True,True,False,2,Unsafe act,Equipment damage,Medium,Complete overdue inspection,In Progress,0,08_3Factor_1
08_3-073,2024-01-21,Loading Bay,V-215,Hot Work,Operations,Worker entered noisy compressor area without hearing protection | Supervisor observed missing PPE but allowed work to continue | Emergency shutdown button was defective and replacement was delayed,True,True,True,False,2,Equipment degradation,Equipment damage,High,Review permit and JSA,Open,0,08_3Factor_1
08_3-074,2024-11-20,VDU,TK-302,Inspection,Electrical Maintenance,Worker bypassed mandatory PPE because task was considered short | Repeated contractor PPE violations were not escalated | Cooling-water restriction remained unresolved,True,True,True,False,2,Deferred maintenance,Hydrocarbon release,Low,Escalate recurring issue to HSE and management,Closed,0,08_3Factor_1
08_3-075,2024-06-19,Loading Bay,C-102,Hot Work,Electrical Maintenance,Welder worked without fire-resistant clothing | Lifting operation continued despite unsafe weather conditions | Gas detector gave intermittent readings and maintenance ticket remained open,True,True,True,False,0,Unsafe act,Minor injury,High,Complete overdue inspection,Overdue,0,08_3Factor_1
08_3-001,2026-04-03,VDU,CDU-LINE-14,Material Handling,Instrumentation,Abnormal equipment vibration was reported but operation continued | Pump abnormal vibration inspection was postponed | Valve leakage had repeatedly been treated only with temporary packing adjustment,False,True,True,True,0,Unsafe condition,Fire,Medium,Complete overdue inspection,Open,0,08_3Factor_2
08_3-002,2025-10-29,Utilities,V-215,Hot Work,HSE,Minor leakage was observed but work was allowed to continue | Pressure safety valve inspection was overdue | Emergency shower low pressure had been reported repeatedly,False,True,True,True,4,Procedure not followed,Lost-time injury,Medium,Review permit and JSA,In Progress,0,08_3Factor_2
08_3-003,2026-06-21,Hydrotreating Unit,FCC-LINE-08,Confined Space,HSE,Minor leakage was observed but work was allowed to continue | Pressure gauge malfunction remained awaiting replacement | Valve leakage had repeatedly been treated only with temporary packing adjustment,False,True,True,True,3,Equipment degradation,Hydrocarbon release,Medium,Implement permanent corrective action,Open,0,08_3Factor_2
08_3-004,2025-06-18,Utilities,V-215,Work at Height,Operations,Lifting operation continued despite unsafe weather conditions | Emergency shutdown button was defective and replacement was delayed | Gas detector abnormal readings had generated repeated reports,False,True,True,True,1,Equipment degradation,Fire,Medium,Repair/replace defective equipment,Overdue,0,08_3Factor_2
08_3-005,2024-09-30,VDU,P-305,Inspection,Operations,Maintenance continued without confirmed isolation | Pressure safety valve inspection was overdue | Valve leakage had repeatedly been treated only with temporary packing adjustment,False,True,True,True,1,Unsafe condition,Lost-time injury,High,Increase supervisory monitoring,Closed,0,08_3Factor_2
08_3-006,2025-04-20,Hydrotreating Unit,P-305,Routine Operation,Electrical Maintenance,Minor leakage was observed but work was allowed to continue | Gas detector gave intermittent readings and maintenance ticket remained open | Emergency shower low pressure had been reported repeatedly,False,True,True,True,0,Corrective action not closed,Lost-time injury,Medium,Increase supervisory monitoring,Closed,0,08_3Factor_2
08_3-007,2025-11-05,Sulfur Recovery Unit,CDU-LINE-14,Hot Work,Operations,Maintenance continued without confirmed isolation | Hydrocarbon leakage from process pipeline flange remained pending for repair | Oil accumulation near pump had generated repeated housekeeping complaints,False,True,True,True,0,Deferred maintenance,Minor injury,Low,Complete overdue inspection,Open,0,08_3Factor_2
08_3-008,2025-02-10,Maintenance Area,PSV-114,Hot Work,Instrumentation,Maintenance continued without confirmed isolation | Corrosion on process pipeline was identified but repair was deferred | Compressor abnormal vibration had been reported three times,False,True,True,True,4,Unsafe act,Equipment damage,Low,Repair/replace defective equipment,Open,0,08_3Factor_2
08_3-009,2026-03-02,FCC,P-204,Breakdown Maintenance,Mechanical Maintenance,Lifting operation continued despite unsafe weather conditions | Repeated mechanical seal leakage was deferred to shutdown | Emergency shower low pressure had been reported repeatedly,False,True,True,True,1,Inadequate supervision,Lost-time injury,High,Review permit and JSA,Overdue,0,08_3Factor_2
08_3-010,2024-09-17,Loading Bay,V-215,Material Handling,Contractor,Supervisor observed missing PPE but allowed work to continue | Emergency shutdown button was defective and replacement was delayed | Bearing temperature had repeatedly been reported as abnormal,False,True,True,True,2,Unsafe condition,Fire,Low,Complete overdue inspection,In Progress,0,08_3Factor_2
08_3-011,2025-01-06,Hydrogen Unit,C-204,Confined Space,Electrical Maintenance,Lifting operation continued despite unsafe weather conditions | Pressure safety valve inspection was overdue | Pump leakage had been reported twice previously,False,True,True,True,4,Equipment degradation,Minor injury,Low,Implement permanent corrective action,Closed,0,08_3Factor_2
08_3-012,2026-07-13,Utilities,C-204,Hot Work,Operations,Hot work continued before required gas test was completed | Damaged electrical cable received only temporary protection | Poor lighting had been reported repeatedly,False,True,True,True,3,Corrective action not closed,Minor injury,High,Increase supervisory monitoring,In Progress,0,08_3Factor_2
08_3-013,2024-10-31,VDU,GD-22,Material Handling,Instrumentation,Maintenance continued without confirmed isolation | Emergency shutdown button was defective and replacement was delayed | Loose flange had been reported during two previous rounds,False,True,True,True,3,Equipment degradation,Fire,Low,Review permit and JSA,Closed,0,08_3Factor_2
08_3-014,2026-01-04,Utilities,CDU-LINE-14,Work at Height,Instrumentation,Hot work continued before required gas test was completed | Pressure gauge malfunction remained awaiting replacement | Pipeline corrosion had appeared in two previous inspections,False,True,True,True,4,Equipment degradation,Fire,Low,Stop work and enforce PPE,Open,0,08_3Factor_2
08_3-015,2025-10-18,Hydrotreating Unit,V-110,Preventive Maintenance,Operations,Maintenance continued without confirmed isolation | Emergency shutdown button was defective and replacement was delayed | Gas detector abnormal readings had generated repeated reports,False,True,True,True,0,Unsafe condition,Lost-time injury,High,Repair/replace defective equipment,In Progress,0,08_3Factor_2
08_3-016,2026-05-17,FCC,FCC-LINE-08,Work at Height,Electrical Maintenance,Repeated contractor PPE violations were not escalated | Cooling-water restriction remained unresolved | Oil accumulation near pump had generated repeated housekeeping complaints,False,True,True,True,3,Unsafe condition,Fire,Medium,Stop work and enforce PPE,Overdue,0,08_3Factor_2
08_3-017,2025-01-11,Loading Bay,FCC-LINE-08,Inspection,Operations,Repeated contractor PPE violations were not escalated | Gas detector gave intermittent readings and maintenance ticket remained open | Valve leakage had repeatedly been treated only with temporary packing adjustment,False,True,True,True,1,Deferred maintenance,Minor injury,Low,Repair/replace defective equipment,Closed,0,08_3Factor_2
08_3-018,2025-12-19,VDU,V-110,Breakdown Maintenance,HSE,Supervisor observed missing PPE but allowed work to continue | Gas detector gave intermittent readings and maintenance ticket remained open | Valve leakage had repeatedly been treated only with temporary packing adjustment,False,True,True,True,3,Unsafe act,Lost-time injury,Medium,Stop work and enforce PPE,Overdue,0,08_3Factor_2
08_3-019,2026-03-02,Hydrotreating Unit,TK-302,Material Handling,Instrumentation,Work continued after permit expiry | Pump abnormal vibration inspection was postponed | Poor lighting had been reported repeatedly,False,True,True,True,1,Unsafe condition,Fire,Medium,Review permit and JSA,In Progress,0,08_3Factor_2
08_3-020,2025-09-06,CDU,C-204,Hot Work,Mechanical Maintenance,Confined-space work continued without continuous attendant supervision | Corrosion on process pipeline was identified but repair was deferred | Emergency shower low pressure had been reported repeatedly,False,True,True,True,1,Procedure not followed,Lost-time injury,High,Review permit and JSA,In Progress,0,08_3Factor_2
08_3-021,2025-01-13,Utilities,FCC-LINE-08,Inspection,Contractor,Work continued after permit expiry | Pump abnormal vibration inspection was postponed | Pump leakage had been reported twice previously,False,True,True,True,3,Deferred maintenance,Fire,Medium,Implement permanent corrective action,Overdue,0,08_3Factor_2
08_3-022,2026-01-23,Sulfur Recovery Unit,C-102,Material Handling,Electrical Maintenance,Confined-space work continued without continuous attendant supervision | Pump abnormal vibration inspection was postponed | Compressor abnormal vibration had been reported three times,False,True,True,True,4,Procedure not followed,Minor injury,Low,Implement permanent corrective action,Open,0,08_3Factor_2
08_3-023,2024-01-06,FCC,E-207,Routine Operation,HSE,Minor leakage was observed but work was allowed to continue | Repeated mechanical seal leakage was deferred to shutdown | Emergency shower low pressure had been reported repeatedly,False,True,True,True,2,Unsafe condition,Fire,High,Complete overdue inspection,In Progress,0,08_3Factor_2
08_3-024,2025-05-30,Utilities,P-305,Hot Work,Operations,Lifting operation continued despite unsafe weather conditions | Emergency shutdown button was defective and replacement was delayed | Gas detector abnormal readings had generated repeated reports,False,True,True,True,0,Inadequate supervision,Equipment damage,Medium,Stop work and enforce PPE,In Progress,0,08_3Factor_2
08_3-025,2025-05-26,Sulfur Recovery Unit,V-215,Breakdown Maintenance,Electrical Maintenance,Lifting operation continued despite unsafe weather conditions | Gas detector gave intermittent readings and maintenance ticket remained open | Pipeline corrosion had appeared in two previous inspections,False,True,True,True,2,Equipment degradation,Equipment damage,Medium,Review permit and JSA,In Progress,0,08_3Factor_2
08_3-026,2025-07-23,FCC,P-101,Material Handling,Electrical Maintenance,Work continued after permit expiry | Hydrocarbon leakage from process pipeline flange remained pending for repair | Poor lighting had been reported repeatedly,False,True,True,True,1,Unsafe condition,Lost-time injury,Low,Implement permanent corrective action,Overdue,0,08_3Factor_2
08_3-027,2025-03-22,Tank Farm,P-204,Breakdown Maintenance,Operations,Work continued after permit expiry | Hydrocarbon leakage from process pipeline flange remained pending for repair | Oil accumulation near pump had generated repeated housekeeping complaints,False,True,True,True,2,Inadequate supervision,Hydrocarbon release,High,Stop work and enforce PPE,In Progress,0,08_3Factor_2
08_3-028,2026-06-08,CDU,E-207,Breakdown Maintenance,Instrumentation,Maintenance continued without confirmed isolation | Pressure gauge malfunction remained awaiting replacement | Bearing temperature had repeatedly been reported as abnormal,False,True,True,True,2,Unsafe act,Equipment damage,Medium,Repair/replace defective equipment,Overdue,0,08_3Factor_2
08_3-029,2025-11-24,Maintenance Area,P-204,Work at Height,Mechanical Maintenance,Lifting operation continued despite unsafe weather conditions | Hydrocarbon leakage from process pipeline flange remained pending for repair | Pipeline corrosion had appeared in two previous inspections,False,True,True,True,0,Unsafe act,Fire,High,Stop work and enforce PPE,Overdue,0,08_3Factor_2
08_3-030,2026-04-30,CDU,FCC-LINE-08,Material Handling,Electrical Maintenance,Work continued after permit expiry | Emergency shutdown button was defective and replacement was delayed | Pipeline corrosion had appeared in two previous inspections,False,True,True,True,4,Equipment degradation,Fire,Low,Implement permanent corrective action,In Progress,0,08_3Factor_2
08_3-031,2024-08-04,Utilities,C-204,Breakdown Maintenance,Mechanical Maintenance,Confined-space work continued without continuous attendant supervision | Cooling-water restriction remained unresolved | Pump leakage had been reported twice previously,False,True,True,True,0,Corrective action not closed,Minor injury,High,Increase supervisory monitoring,Overdue,0,08_3Factor_2
08_3-032,2024-04-01,VDU,C-204,Material Handling,Instrumentation,Welding continued near hydrocarbon equipment without adequate controls | Pressure gauge malfunction remained awaiting replacement | Emergency shower low pressure had been reported repeatedly,False,True,True,True,3,Equipment degradation,Lost-time injury,Medium,Increase supervisory monitoring,Closed,0,08_3Factor_2
08_3-033,2026-07-14,Hydrogen Unit,E-101,Material Handling,Instrumentation,Abnormal equipment vibration was reported but operation continued | Pressure gauge malfunction remained awaiting replacement | Loose flange had been reported during two previous rounds,False,True,True,True,0,Deferred maintenance,Equipment damage,Medium,Complete overdue inspection,Overdue,0,08_3Factor_2
08_3-034,2024-04-02,CDU,E-207,Work at Height,Instrumentation,Lifting operation continued despite unsafe weather conditions | Repeated mechanical seal leakage was deferred to shutdown | Gas detector abnormal readings had generated repeated reports,False,True,True,True,3,Equipment degradation,Minor injury,High,Repair/replace defective equipment,In Progress,0,08_3Factor_2
08_3-035,2026-08-11,VDU,PSV-114,Material Handling,Electrical Maintenance,Minor leakage was observed but work was allowed to continue | Damaged electrical cable received only temporary protection | Compressor abnormal vibration had been reported three times,False,True,True,True,2,Unsafe condition,Hydrocarbon release,High,Repair/replace defective equipment,Closed,0,08_3Factor_2
08_3-036,2026-05-11,VDU,P-101,Preventive Maintenance,HSE,Minor leakage was observed but work was allowed to continue | Gas detector gave intermittent readings and maintenance ticket remained open | Pipeline corrosion had appeared in two previous inspections,False,True,True,True,4,Deferred maintenance,Equipment damage,Low,Review permit and JSA,Open,0,08_3Factor_2
08_3-037,2025-04-20,CDU,P-204,Material Handling,Mechanical Maintenance,Abnormal equipment vibration was reported but operation continued | Pressure safety valve inspection was overdue | Loose flange had been reported during two previous rounds,False,True,True,True,2,Corrective action not closed,Equipment damage,Low,Repair/replace defective equipment,Overdue,0,08_3Factor_2
08_3-038,2024-02-16,Maintenance Area,PSV-114,Hot Work,Electrical Maintenance,Repeated contractor PPE violations were not escalated | Pressure safety valve inspection was overdue | Loose flange had been reported during two previous rounds,False,True,True,True,4,Corrective action not closed,Hydrocarbon release,High,Increase supervisory monitoring,In Progress,0,08_3Factor_2
08_3-039,2024-08-04,CDU,P-101,Confined Space,Operations,Hot work continued before required gas test was completed | Repeated mechanical seal leakage was deferred to shutdown | Pipeline corrosion had appeared in two previous inspections,False,True,True,True,0,Unsafe act,Equipment damage,High,Repair/replace defective equipment,Overdue,0,08_3Factor_2
08_3-040,2025-04-16,Hydrotreating Unit,P-204,Breakdown Maintenance,Mechanical Maintenance,Repeated contractor PPE violations were not escalated | Repeated mechanical seal leakage was deferred to shutdown | Oil accumulation near pump had generated repeated housekeeping complaints,False,True,True,True,2,Unsafe act,Hydrocarbon release,Medium,Repair/replace defective equipment,Open,0,08_3Factor_2
08_3-041,2026-04-15,Utilities,GD-22,Inspection,Operations,Welding continued near hydrocarbon equipment without adequate controls | Hydrocarbon leakage from process pipeline flange remained pending for repair | Poor lighting had been reported repeatedly,False,True,True,True,3,Inadequate supervision,Lost-time injury,Medium,Increase supervisory monitoring,Overdue,0,08_3Factor_2
08_3-042,2024-05-31,Tank Farm,E-101,Routine Operation,Instrumentation,Repeated contractor PPE violations were not escalated | Hydrocarbon leakage from process pipeline flange remained pending for repair | Compressor abnormal vibration had been reported three times,False,True,True,True,1,Procedure not followed,Hydrocarbon release,Medium,Repair/replace defective equipment,In Progress,0,08_3Factor_2
08_3-043,2024-10-28,Utilities,GD-22,Material Handling,Contractor,Repeated contractor PPE violations were not escalated | Hydrocarbon leakage from process pipeline flange remained pending for repair | Loose flange had been reported during two previous rounds,False,True,True,True,0,Procedure not followed,Hydrocarbon release,Low,Escalate recurring issue to HSE and management,Closed,0,08_3Factor_2
08_3-044,2024-02-07,CDU,E-207,Routine Operation,Instrumentation,Repeated contractor PPE violations were not escalated | Emergency shutdown button was defective and replacement was delayed | Bearing temperature had repeatedly been reported as abnormal,False,True,True,True,4,Procedure not followed,Lost-time injury,High,Complete overdue inspection,Open,0,08_3Factor_2
08_3-045,2024-10-01,Utilities,P-101,Breakdown Maintenance,Electrical Maintenance,Repeated contractor PPE violations were not escalated | Emergency shutdown button was defective and replacement was delayed | Compressor abnormal vibration had been reported three times,False,True,True,True,3,Equipment degradation,Hydrocarbon release,Medium,Repair/replace defective equipment,Overdue,0,08_3Factor_2
08_3-046,2024-12-18,Tank Farm,P-305,Hot Work,Contractor,Welding continued near hydrocarbon equipment without adequate controls | Damaged electrical cable received only temporary protection | Poor lighting had been reported repeatedly,False,True,True,True,4,Equipment degradation,Equipment damage,Medium,Review permit and JSA,Overdue,0,08_3Factor_2
08_3-047,2026-05-03,VDU,FCC-LINE-08,Material Handling,Mechanical Maintenance,Lifting operation continued despite unsafe weather conditions | Emergency shutdown button was defective and replacement was delayed | Gas detector abnormal readings had generated repeated reports,False,True,True,True,4,Unsafe condition,Fire,Medium,Repair/replace defective equipment,In Progress,0,08_3Factor_2
08_3-048,2025-09-12,Loading Bay,P-101,Routine Operation,Electrical Maintenance,Hot work continued before required gas test was completed | Gas detector gave intermittent readings and maintenance ticket remained open | Oil accumulation near pump had generated repeated housekeeping complaints,False,True,True,True,2,Inadequate supervision,Lost-time injury,Medium,Complete overdue inspection,In Progress,0,08_3Factor_2
08_3-049,2024-06-27,Hydrogen Unit,P-204,Inspection,Instrumentation,Supervisor observed missing PPE but allowed work to continue | Pump abnormal vibration inspection was postponed | Loose flange had been reported during two previous rounds,False,True,True,True,3,Inadequate supervision,Equipment damage,Low,Complete overdue inspection,Closed,0,08_3Factor_2
08_3-050,2026-02-26,Tank Farm,PSV-114,Material Handling,Operations,Minor leakage was observed but work was allowed to continue | Pressure safety valve inspection was overdue | Gas detector abnormal readings had generated repeated reports,False,True,True,True,4,Unsafe act,Minor injury,Low,Increase supervisory monitoring,Open,0,08_3Factor_2
08_3-051,2026-04-23,Sulfur Recovery Unit,P-305,Hot Work,Contractor,Supervisor observed missing PPE but allowed work to continue | Damaged electrical cable received only temporary protection | Compressor abnormal vibration had been reported three times,False,True,True,True,1,Deferred maintenance,Lost-time injury,Low,Increase supervisory monitoring,Overdue,0,08_3Factor_2
08_3-052,2026-01-20,Tank Farm,V-215,Routine Operation,Mechanical Maintenance,Maintenance continued without confirmed isolation | Cooling-water restriction remained unresolved | Loose flange had been reported during two previous rounds,False,True,True,True,1,Corrective action not closed,Lost-time injury,Low,Increase supervisory monitoring,Overdue,0,08_3Factor_2
08_3-053,2024-12-15,Sulfur Recovery Unit,FCC-LINE-08,Inspection,Mechanical Maintenance,Minor leakage was observed but work was allowed to continue | Pressure gauge malfunction remained awaiting replacement | Compressor abnormal vibration had been reported three times,False,True,True,True,2,Corrective action not closed,Hydrocarbon release,Medium,Increase supervisory monitoring,Overdue,0,08_3Factor_2
08_3-054,2026-03-17,Sulfur Recovery Unit,P-101,Material Handling,Mechanical Maintenance,Maintenance continued without confirmed isolation | Gas detector gave intermittent readings and maintenance ticket remained open | Emergency shower low pressure had been reported repeatedly,False,True,True,True,3,Corrective action not closed,Equipment damage,High,Stop work and enforce PPE,Open,0,08_3Factor_2
08_3-055,2024-03-27,CDU,FCC-LINE-08,Breakdown Maintenance,HSE,Lifting operation continued despite unsafe weather conditions | Gas detector gave intermittent readings and maintenance ticket remained open | Gas detector abnormal readings had generated repeated reports,False,True,True,True,3,Unsafe act,Hydrocarbon release,Low,Implement permanent corrective action,Closed,0,08_3Factor_2
08_3-056,2025-03-05,Loading Bay,CDU-LINE-14,Breakdown Maintenance,Contractor,Minor leakage was observed but work was allowed to continue | Pressure safety valve inspection was overdue | Loose flange had been reported during two previous rounds,False,True,True,True,2,Deferred maintenance,Fire,Low,Review permit and JSA,In Progress,0,08_3Factor_2
08_3-057,2026-06-27,Hydrotreating Unit,P-204,Routine Operation,HSE,Abnormal equipment vibration was reported but operation continued | Repeated mechanical seal leakage was deferred to shutdown | Oil accumulation near pump had generated repeated housekeeping complaints,False,True,True,True,2,Inadequate supervision,Lost-time injury,High,Review permit and JSA,In Progress,0,08_3Factor_2
08_3-058,2025-06-16,Sulfur Recovery Unit,PSV-114,Breakdown Maintenance,Operations,Confined-space work continued without continuous attendant supervision | Corrosion on process pipeline was identified but repair was deferred | Compressor abnormal vibration had been reported three times,False,True,True,True,4,Unsafe act,Equipment damage,Medium,Increase supervisory monitoring,Closed,0,08_3Factor_2
08_3-059,2024-09-04,Loading Bay,V-110,Preventive Maintenance,Operations,Repeated contractor PPE violations were not escalated | Damaged electrical cable received only temporary protection | Compressor abnormal vibration had been reported three times,False,True,True,True,0,Corrective action not closed,Fire,Medium,Implement permanent corrective action,Open,0,08_3Factor_2
08_3-060,2025-04-04,Maintenance Area,TK-302,Inspection,Electrical Maintenance,Abnormal equipment vibration was reported but operation continued | Hydrocarbon leakage from process pipeline flange remained pending for repair | Oil accumulation near pump had generated repeated housekeeping complaints,False,True,True,True,2,Inadequate supervision,Equipment damage,Medium,Complete overdue inspection,In Progress,0,08_3Factor_2
08_3-061,2026-01-01,Tank Farm,P-204,Breakdown Maintenance,Contractor,Minor leakage was observed but work was allowed to continue | Corrosion on process pipeline was identified but repair was deferred | Compressor abnormal vibration had been reported three times,False,True,True,True,2,Deferred maintenance,Fire,Medium,Increase supervisory monitoring,Overdue,0,08_3Factor_2
08_3-062,2024-03-24,VDU,V-110,Confined Space,HSE,Supervisor observed missing PPE but allowed work to continue | Gas detector gave intermittent readings and maintenance ticket remained open | Gas detector abnormal readings had generated repeated reports,False,True,True,True,3,Procedure not followed,Hydrocarbon release,Medium,Escalate recurring issue to HSE and management,Overdue,0,08_3Factor_2
08_3-063,2026-06-11,FCC,P-305,Breakdown Maintenance,Instrumentation,Abnormal equipment vibration was reported but operation continued | Emergency shutdown button was defective and replacement was delayed | Emergency shower low pressure had been reported repeatedly,False,True,True,True,3,Equipment degradation,Hydrocarbon release,High,Review permit and JSA,In Progress,0,08_3Factor_2
08_3-064,2025-12-22,FCC,E-207,Work at Height,Operations,Minor leakage was observed but work was allowed to continue | Pump abnormal vibration inspection was postponed | Poor lighting had been reported repeatedly,False,True,True,True,3,Procedure not followed,Minor injury,High,Increase supervisory monitoring,Overdue,0,08_3Factor_2
08_3-065,2024-04-22,Sulfur Recovery Unit,C-204,Work at Height,Electrical Maintenance,Lifting operation continued despite unsafe weather conditions | Repeated mechanical seal leakage was deferred to shutdown | Pipeline corrosion had appeared in two previous inspections,False,True,True,True,0,Inadequate supervision,Minor injury,Medium,Review permit and JSA,Open,0,08_3Factor_2
08_3-066,2026-03-21,Hydrogen Unit,P-305,Material Handling,Operations,Maintenance continued without confirmed isolation | Repeated mechanical seal leakage was deferred to shutdown | Emergency shower low pressure had been reported repeatedly,False,True,True,True,0,Unsafe act,Fire,Medium,Escalate recurring issue to HSE and management,Closed,0,08_3Factor_2
08_3-067,2024-03-10,Utilities,E-101,Breakdown Maintenance,Mechanical Maintenance,Repeated contractor PPE violations were not escalated | Emergency shutdown button was defective and replacement was delayed | Valve leakage had repeatedly been treated only with temporary packing adjustment,False,True,True,True,2,Procedure not followed,Fire,High,Implement permanent corrective action,Overdue,0,08_3Factor_2
08_3-068,2026-02-18,Hydrogen Unit,V-215,Work at Height,HSE,Work continued after permit expiry | Pressure gauge malfunction remained awaiting replacement | Loose flange had been reported during two previous rounds,False,True,True,True,0,Unsafe act,Hydrocarbon release,High,Implement permanent corrective action,Overdue,0,08_3Factor_2
08_3-069,2026-01-23,VDU,FCC-LINE-08,Preventive Maintenance,Mechanical Maintenance,Hot work continued before required gas test was completed | Pressure gauge malfunction remained awaiting replacement | Pump leakage had been reported twice previously,False,True,True,True,4,Procedure not followed,Equipment damage,Medium,Escalate recurring issue to HSE and management,Open,0,08_3Factor_2
08_3-070,2025-08-06,FCC,P-101,Hot Work,Mechanical Maintenance,Welding continued near hydrocarbon equipment without adequate controls | Emergency shutdown button was defective and replacement was delayed | Bearing temperature had repeatedly been reported as abnormal,False,True,True,True,0,Unsafe condition,Equipment damage,Low,Increase supervisory monitoring,Overdue,0,08_3Factor_2
08_3-071,2024-03-27,CDU,V-110,Confined Space,Mechanical Maintenance,Abnormal equipment vibration was reported but operation continued | Cooling-water restriction remained unresolved | Emergency shower low pressure had been reported repeatedly,False,True,True,True,4,Deferred maintenance,Hydrocarbon release,Low,Stop work and enforce PPE,Closed,0,08_3Factor_2
08_3-072,2025-01-26,FCC,P-305,Hot Work,Operations,Hot work continued before required gas test was completed | Pump abnormal vibration inspection was postponed | Compressor abnormal vibration had been reported three times,False,True,True,True,4,Unsafe condition,Fire,Medium,Complete overdue inspection,Overdue,0,08_3Factor_2
08_3-073,2025-11-25,Hydrotreating Unit,V-215,Preventive Maintenance,Electrical Maintenance,Supervisor observed missing PPE but allowed work to continue | Repeated mechanical seal leakage was deferred to shutdown | Loose flange had been reported during two previous rounds,False,True,True,True,1,Unsafe condition,Minor injury,Low,Review permit and JSA,Closed,0,08_3Factor_2
08_3-074,2024-09-21,Loading Bay,PSV-114,Confined Space,Operations,Hot work continued before required gas test was completed | Hydrocarbon leakage from process pipeline flange remained pending for repair | Poor lighting had been reported repeatedly,False,True,True,True,1,Inadequate supervision,Hydrocarbon release,Medium,Stop work and enforce PPE,Closed,0,08_3Factor_2
08_3-075,2025-04-20,CDU,C-204,Preventive Maintenance,Mechanical Maintenance,Repeated contractor PPE violations were not escalated | Pump abnormal vibration inspection was postponed | Oil accumulation near pump had generated repeated housekeeping complaints,False,True,True,True,0,Corrective action not closed,Lost-time injury,High,Escalate recurring issue to HSE and management,In Progress,0,08_3Factor_2
08_3-001,2024-11-07,Sulfur Recovery Unit,E-207,Breakdown Maintenance,Mechanical Maintenance,Contractor used damaged safety shoes | Emergency shutdown button was defective and replacement was delayed | Compressor abnormal vibration had been reported three times,True,False,True,True,4,Procedure not followed,Lost-time injury,Medium,Review permit and JSA,Overdue,0,08_3Factor_3
08_3-002,2024-02-12,Tank Farm,C-204,Hot Work,Contractor,Worker selected unsuitable respiratory protection for task | Repeated mechanical seal leakage was deferred to shutdown | Pipeline corrosion had appeared in two previous inspections,True,False,True,True,1,Deferred maintenance,Minor injury,Low,Complete overdue inspection,In Progress,0,08_3Factor_3
08_3-003,2025-08-22,VDU,V-215,Preventive Maintenance,Mechanical Maintenance,Welder worked without fire-resistant clothing | Hydrocarbon leakage from process pipeline flange remained pending for repair | Gas detector abnormal readings had generated repeated reports,True,False,True,True,4,Equipment degradation,Fire,Low,Escalate recurring issue to HSE and management,Closed,0,08_3Factor_3
08_3-004,2026-06-18,Tank Farm,C-204,Inspection,Contractor,Maintenance worker handled chemical line without chemical-resistant gloves | Repeated mechanical seal leakage was deferred to shutdown | Bearing temperature had repeatedly been reported as abnormal,True,False,True,True,2,Inadequate supervision,Fire,Medium,Complete overdue inspection,In Progress,0,08_3Factor_3
08_3-005,2025-04-15,CDU,FCC-LINE-08,Breakdown Maintenance,Instrumentation,Worker entered noisy compressor area without hearing protection | Hydrocarbon leakage from process pipeline flange remained pending for repair | Gas detector abnormal readings had generated repeated reports,True,False,True,True,0,Procedure not followed,Minor injury,High,Implement permanent corrective action,Overdue,0,08_3Factor_3
08_3-006,2026-02-19,VDU,V-110,Confined Space,HSE,Worker removed gloves during maintenance and continued work | Pump abnormal vibration inspection was postponed | Compressor abnormal vibration had been reported three times,True,False,True,True,4,Inadequate supervision,Hydrocarbon release,Low,Review permit and JSA,In Progress,0,08_3Factor_3
08_3-007,2026-05-09,CDU,C-102,Routine Operation,Electrical Maintenance,Worker entered process area without safety helmet | Pump abnormal vibration inspection was postponed | Oil accumulation near pump had generated repeated housekeeping complaints,True,False,True,True,2,Equipment degradation,Hydrocarbon release,Medium,Implement permanent corrective action,Closed,0,08_3Factor_3
08_3-008,2024-07-15,CDU,C-204,Material Handling,Contractor,Worker bypassed mandatory PPE because task was considered short | Pressure safety valve inspection was overdue | Poor lighting had been reported repeatedly,True,False,True,True,1,Equipment degradation,Fire,High,Escalate recurring issue to HSE and management,In Progress,0,08_3Factor_3
08_3-009,2024-01-08,Loading Bay,C-102,Breakdown Maintenance,Operations,Contractor used damaged safety shoes | Pump abnormal vibration inspection was postponed | Pipeline corrosion had appeared in two previous inspections,True,False,True,True,4,Procedure not followed,Lost-time injury,High,Repair/replace defective equipment,Open,0,08_3Factor_3
08_3-010,2024-05-10,Loading Bay,CDU-LINE-14,Hot Work,Contractor,Worker bypassed mandatory PPE because task was considered short | Corrosion on process pipeline was identified but repair was deferred | Bearing temperature had repeatedly been reported as abnormal,True,False,True,True,2,Procedure not followed,Minor injury,Medium,Review permit and JSA,Open,0,08_3Factor_3
08_3-011,2026-08-18,Loading Bay,E-101,Material Handling,Electrical Maintenance,Worker entered process area without safety helmet | Cooling-water restriction remained unresolved | Emergency shower low pressure had been reported repeatedly,True,False,True,True,3,Procedure not followed,Minor injury,Medium,Increase supervisory monitoring,Open,0,08_3Factor_3
08_3-012,2026-06-24,CDU,V-215,Inspection,Electrical Maintenance,Maintenance worker handled chemical line without chemical-resistant gloves | Hydrocarbon leakage from process pipeline flange remained pending for repair | Pipeline corrosion had appeared in two previous inspections,True,False,True,True,3,Unsafe act,Fire,High,Escalate recurring issue to HSE and management,Open,0,08_3Factor_3
08_3-013,2026-01-25,Hydrotreating Unit,P-204,Preventive Maintenance,Operations,Contractor used damaged safety shoes | Pump abnormal vibration inspection was postponed | Poor lighting had been reported repeatedly,True,False,True,True,1,Deferred maintenance,Fire,Medium,Review permit and JSA,Open,0,08_3Factor_3
08_3-014,2025-08-29,Sulfur Recovery Unit,GD-22,Routine Operation,Electrical Maintenance,Worker entered noisy compressor area without hearing protection | Pressure safety valve inspection was overdue | Poor lighting had been reported repeatedly,True,False,True,True,0,Procedure not followed,Lost-time injury,High,Increase supervisory monitoring,In Progress,0,08_3Factor_3
08_3-015,2026-08-24,VDU,P-204,Routine Operation,Operations,Worker bypassed mandatory PPE because task was considered short | Repeated mechanical seal leakage was deferred to shutdown | Oil accumulation near pump had generated repeated housekeeping complaints,True,False,True,True,0,Deferred maintenance,Equipment damage,High,Complete overdue inspection,Open,0,08_3Factor_3
08_3-016,2026-03-12,VDU,FCC-LINE-08,Routine Operation,HSE,Worker entered process area without safety helmet | Emergency shutdown button was defective and replacement was delayed | Pump leakage had been reported twice previously,True,False,True,True,2,Unsafe act,Minor injury,High,Complete overdue inspection,Overdue,0,08_3Factor_3
08_3-017,2025-02-15,Utilities,E-101,Confined Space,HSE,Worker bypassed mandatory PPE because task was considered short | Gas detector gave intermittent readings and maintenance ticket remained open | Poor lighting had been reported repeatedly,True,False,True,True,4,Procedure not followed,Hydrocarbon release,Low,Stop work and enforce PPE,Closed,0,08_3Factor_3
08_3-018,2025-10-28,VDU,P-101,Preventive Maintenance,HSE,Worker entered process area without safety helmet | Emergency shutdown button was defective and replacement was delayed | Bearing temperature had repeatedly been reported as abnormal,True,False,True,True,2,Corrective action not closed,Minor injury,Medium,Increase supervisory monitoring,In Progress,0,08_3Factor_3
08_3-019,2026-07-15,Maintenance Area,E-101,Breakdown Maintenance,Mechanical Maintenance,Worker worked at height without connecting safety harness | Damaged electrical cable received only temporary protection | Pipeline corrosion had appeared in two previous inspections,True,False,True,True,2,Unsafe condition,Hydrocarbon release,High,Increase supervisory monitoring,Open,0,08_3Factor_3
08_3-020,2024-03-02,Maintenance Area,E-207,Breakdown Maintenance,Mechanical Maintenance,Welder worked without fire-resistant clothing | Repeated mechanical seal leakage was deferred to shutdown | Emergency shower low pressure had been reported repeatedly,True,False,True,True,4,Deferred maintenance,Fire,Medium,Complete overdue inspection,Closed,0,08_3Factor_3
08_3-021,2024-10-25,Loading Bay,GD-22,Routine Operation,Instrumentation,Worker entered process area without safety helmet | Damaged electrical cable received only temporary protection | Valve leakage had repeatedly been treated only with temporary packing adjustment,True,False,True,True,1,Inadequate supervision,Lost-time injury,Low,Repair/replace defective equipment,In Progress,0,08_3Factor_3
08_3-022,2025-10-17,Sulfur Recovery Unit,GD-22,Work at Height,HSE,Technician performed grinding without face shield | Cooling-water restriction remained unresolved | Poor lighting had been reported repeatedly,True,False,True,True,3,Inadequate supervision,Equipment damage,High,Review permit and JSA,Closed,0,08_3Factor_3
08_3-023,2024-06-15,Hydrogen Unit,E-101,Inspection,Mechanical Maintenance,Worker selected unsuitable respiratory protection for task | Hydrocarbon leakage from process pipeline flange remained pending for repair | Oil accumulation near pump had generated repeated housekeeping complaints,True,False,True,True,1,Deferred maintenance,Lost-time injury,Low,Implement permanent corrective action,Closed,0,08_3Factor_3
08_3-024,2026-04-06,CDU,P-204,Work at Height,Operations,Contractor used damaged safety shoes | Corrosion on process pipeline was identified but repair was deferred | Emergency shower low pressure had been reported repeatedly,True,False,True,True,1,Procedure not followed,Fire,Low,Stop work and enforce PPE,In Progress,0,08_3Factor_3
08_3-025,2024-10-24,Hydrogen Unit,C-204,Breakdown Maintenance,Mechanical Maintenance,Maintenance worker handled chemical line without chemical-resistant gloves | Repeated mechanical seal leakage was deferred to shutdown | Loose flange had been reported during two previous rounds,True,False,True,True,0,Inadequate supervision,Lost-time injury,Low,Implement permanent corrective action,In Progress,0,08_3Factor_3
08_3-026,2024-12-13,VDU,P-101,Breakdown Maintenance,Instrumentation,Maintenance worker handled chemical line without chemical-resistant gloves | Pressure gauge malfunction remained awaiting replacement | Poor lighting had been reported repeatedly,True,False,True,True,0,Equipment degradation,Fire,Medium,Increase supervisory monitoring,Open,0,08_3Factor_3
08_3-027,2024-12-12,Loading Bay,PSV-114,Confined Space,Contractor,Welder worked without fire-resistant clothing | Emergency shutdown button was defective and replacement was delayed | Poor lighting had been reported repeatedly,True,False,True,True,2,Unsafe act,Lost-time injury,Medium,Stop work and enforce PPE,In Progress,0,08_3Factor_3
08_3-028,2026-06-22,Maintenance Area,V-215,Inspection,Operations,Maintenance worker handled chemical line without chemical-resistant gloves | Corrosion on process pipeline was identified but repair was deferred | Bearing temperature had repeatedly been reported as abnormal,True,False,True,True,3,Corrective action not closed,Fire,Medium,Escalate recurring issue to HSE and management,In Progress,0,08_3Factor_3
08_3-029,2026-05-24,FCC,GD-22,Material Handling,Mechanical Maintenance,Welder worked without fire-resistant clothing | Pressure gauge malfunction remained awaiting replacement | Loose flange had been reported during two previous rounds,True,False,True,True,1,Equipment degradation,Fire,Low,Stop work and enforce PPE,Overdue,0,08_3Factor_3
08_3-030,2026-03-20,Sulfur Recovery Unit,E-101,Material Handling,Mechanical Maintenance,Worker bypassed mandatory PPE because task was considered short | Pump abnormal vibration inspection was postponed | Gas detector abnormal readings had generated repeated reports,True,False,True,True,4,Inadequate supervision,Equipment damage,High,Implement permanent corrective action,Closed,0,08_3Factor_3
08_3-031,2025-06-22,CDU,C-102,Inspection,Mechanical Maintenance,Worker selected unsuitable respiratory protection for task | Emergency shutdown button was defective and replacement was delayed | Oil accumulation near pump had generated repeated housekeeping complaints,True,False,True,True,2,Deferred maintenance,Equipment damage,High,Increase supervisory monitoring,In Progress,0,08_3Factor_3
08_3-032,2025-02-09,Hydrotreating Unit,E-207,Preventive Maintenance,Mechanical Maintenance,Welder worked without fire-resistant clothing | Gas detector gave intermittent readings and maintenance ticket remained open | Emergency shower low pressure had been reported repeatedly,True,False,True,True,4,Corrective action not closed,Fire,Medium,Stop work and enforce PPE,Closed,0,08_3Factor_3
08_3-033,2025-03-31,Maintenance Area,V-110,Confined Space,Instrumentation,Worker entered noisy compressor area without hearing protection | Corrosion on process pipeline was identified but repair was deferred | Valve leakage had repeatedly been treated only with temporary packing adjustment,True,False,True,True,0,Deferred maintenance,Equipment damage,High,Review permit and JSA,Overdue,0,08_3Factor_3
08_3-034,2025-01-11,Hydrogen Unit,C-204,Preventive Maintenance,Electrical Maintenance,Worker entered noisy compressor area without hearing protection | Pressure safety valve inspection was overdue | Emergency shower low pressure had been reported repeatedly,True,False,True,True,0,Unsafe act,Hydrocarbon release,Medium,Complete overdue inspection,Open,0,08_3Factor_3
08_3-035,2026-03-15,Loading Bay,C-102,Work at Height,Mechanical Maintenance,Maintenance worker handled chemical line without chemical-resistant gloves | Pump abnormal vibration inspection was postponed | Compressor abnormal vibration had been reported three times,True,False,True,True,0,Equipment degradation,Minor injury,Medium,Complete overdue inspection,Closed,0,08_3Factor_3
08_3-036,2024-11-05,Hydrotreating Unit,C-204,Work at Height,Instrumentation,Welder worked without fire-resistant clothing | Corrosion on process pipeline was identified but repair was deferred | Valve leakage had repeatedly been treated only with temporary packing adjustment,True,False,True,True,1,Deferred maintenance,Minor injury,Medium,Increase supervisory monitoring,Open,0,08_3Factor_3
08_3-037,2025-04-28,Tank Farm,C-102,Material Handling,Contractor,Worker removed gloves during maintenance and continued work | Pressure gauge malfunction remained awaiting replacement | Emergency shower low pressure had been reported repeatedly,True,False,True,True,1,Corrective action not closed,Lost-time injury,Medium,Review permit and JSA,Closed,0,08_3Factor_3
08_3-038,2026-03-21,Tank Farm,GD-22,Routine Operation,Electrical Maintenance,Worker entered noisy compressor area without hearing protection | Corrosion on process pipeline was identified but repair was deferred | Emergency shower low pressure had been reported repeatedly,True,False,True,True,3,Unsafe condition,Hydrocarbon release,Medium,Escalate recurring issue to HSE and management,In Progress,0,08_3Factor_3
08_3-039,2024-11-08,Utilities,FCC-LINE-08,Confined Space,Contractor,Worker entered process area without safety helmet | Emergency shutdown button was defective and replacement was delayed | Loose flange had been reported during two previous rounds,True,False,True,True,2,Procedure not followed,Hydrocarbon release,Medium,Complete overdue inspection,Closed,0,08_3Factor_3
08_3-040,2025-08-24,Maintenance Area,CDU-LINE-14,Confined Space,Instrumentation,Worker bypassed mandatory PPE because task was considered short | Hydrocarbon leakage from process pipeline flange remained pending for repair | Gas detector abnormal readings had generated repeated reports,True,False,True,True,1,Unsafe condition,Equipment damage,Medium,Review permit and JSA,Open,0,08_3Factor_3
08_3-041,2025-07-01,VDU,P-305,Preventive Maintenance,Contractor,Maintenance worker handled chemical line without chemical-resistant gloves | Emergency shutdown button was defective and replacement was delayed | Compressor abnormal vibration had been reported three times,True,False,True,True,2,Procedure not followed,Fire,High,Repair/replace defective equipment,Open,0,08_3Factor_3
08_3-042,2026-04-26,Utilities,C-204,Inspection,Mechanical Maintenance,Worker bypassed mandatory PPE because task was considered short | Emergency shutdown button was defective and replacement was delayed | Pump leakage had been reported twice previously,True,False,True,True,1,Inadequate supervision,Minor injury,Medium,Implement permanent corrective action,Open,0,08_3Factor_3
08_3-043,2025-04-10,Utilities,P-305,Preventive Maintenance,Mechanical Maintenance,Worker entered noisy compressor area without hearing protection | Damaged electrical cable received only temporary protection | Pump leakage had been reported twice previously,True,False,True,True,1,Procedure not followed,Hydrocarbon release,Medium,Review permit and JSA,Overdue,0,08_3Factor_3
08_3-044,2026-01-30,Tank Farm,P-305,Hot Work,HSE,Contractor used damaged safety shoes | Corrosion on process pipeline was identified but repair was deferred | Gas detector abnormal readings had generated repeated reports,True,False,True,True,1,Unsafe condition,Hydrocarbon release,Medium,Escalate recurring issue to HSE and management,Overdue,0,08_3Factor_3
08_3-045,2024-10-09,Hydrogen Unit,E-207,Work at Height,HSE,Worker entered process area without safety helmet | Pressure gauge malfunction remained awaiting replacement | Oil accumulation near pump had generated repeated housekeeping complaints,True,False,True,True,0,Deferred maintenance,Equipment damage,High,Review permit and JSA,Overdue,0,08_3Factor_3
08_3-046,2025-08-12,Maintenance Area,GD-22,Breakdown Maintenance,Instrumentation,Technician performed grinding without face shield | Pressure safety valve inspection was overdue | Oil accumulation near pump had generated repeated housekeeping complaints,True,False,True,True,2,Unsafe condition,Hydrocarbon release,Medium,Repair/replace defective equipment,Overdue,0,08_3Factor_3
08_3-047,2025-04-13,FCC,C-204,Hot Work,Contractor,Worker worked at height without connecting safety harness | Repeated mechanical seal leakage was deferred to shutdown | Compressor abnormal vibration had been reported three times,True,False,True,True,3,Unsafe act,Lost-time injury,Low,Implement permanent corrective action,In Progress,0,08_3Factor_3
08_3-048,2026-07-19,Loading Bay,PSV-114,Work at Height,Instrumentation,Contractor used damaged safety shoes | Damaged electrical cable received only temporary protection | Compressor abnormal vibration had been reported three times,True,False,True,True,2,Deferred maintenance,Minor injury,Low,Repair/replace defective equipment,Closed,0,08_3Factor_3
08_3-049,2024-07-31,Sulfur Recovery Unit,TK-302,Confined Space,Mechanical Maintenance,Worker entered process area without safety helmet | Emergency shutdown button was defective and replacement was delayed | Pump leakage had been reported twice previously,True,False,True,True,0,Deferred maintenance,Hydrocarbon release,High,Stop work and enforce PPE,Open,0,08_3Factor_3
08_3-050,2024-09-13,VDU,E-207,Inspection,Contractor,Worker worked at height without connecting safety harness | Cooling-water restriction remained unresolved | Oil accumulation near pump had generated repeated housekeeping complaints,True,False,True,True,3,Deferred maintenance,Minor injury,High,Repair/replace defective equipment,Overdue,0,08_3Factor_3
08_3-051,2026-04-20,Hydrotreating Unit,P-204,Confined Space,Mechanical Maintenance,Worker worked at height without connecting safety harness | Pressure gauge malfunction remained awaiting replacement | Pump leakage had been reported twice previously,True,False,True,True,4,Unsafe act,Lost-time injury,Low,Implement permanent corrective action,Open,0,08_3Factor_3
08_3-052,2025-11-24,Loading Bay,C-102,Material Handling,Contractor,Worker worked at height without connecting safety harness | Emergency shutdown button was defective and replacement was delayed | Loose flange had been reported during two previous rounds,True,False,True,True,1,Unsafe act,Minor injury,Medium,Increase supervisory monitoring,Open,0,08_3Factor_3
08_3-053,2025-02-03,Utilities,PSV-114,Inspection,Mechanical Maintenance,Welder worked without fire-resistant clothing | Emergency shutdown button was defective and replacement was delayed | Pump leakage had been reported twice previously,True,False,True,True,4,Inadequate supervision,Minor injury,Low,Repair/replace defective equipment,In Progress,0,08_3Factor_3
08_3-054,2024-04-03,Hydrogen Unit,P-204,Breakdown Maintenance,Contractor,Contractor used damaged safety shoes | Hydrocarbon leakage from process pipeline flange remained pending for repair | Pump leakage had been reported twice previously,True,False,True,True,2,Unsafe condition,Minor injury,Medium,Stop work and enforce PPE,Overdue,0,08_3Factor_3
08_3-055,2025-06-08,Utilities,V-215,Preventive Maintenance,Mechanical Maintenance,Worker entered noisy compressor area without hearing protection | Cooling-water restriction remained unresolved | Bearing temperature had repeatedly been reported as abnormal,True,False,True,True,1,Unsafe condition,Equipment damage,Medium,Stop work and enforce PPE,Closed,0,08_3Factor_3
08_3-056,2024-11-27,Tank Farm,C-102,Preventive Maintenance,Contractor,Worker entered process area without safety helmet | Gas detector gave intermittent readings and maintenance ticket remained open | Loose flange had been reported during two previous rounds,True,False,True,True,0,Corrective action not closed,Lost-time injury,High,Complete overdue inspection,Closed,0,08_3Factor_3
08_3-057,2024-02-14,Loading Bay,PSV-114,Breakdown Maintenance,Electrical Maintenance,Maintenance worker handled chemical line without chemical-resistant gloves | Gas detector gave intermittent readings and maintenance ticket remained open | Pipeline corrosion had appeared in two previous inspections,True,False,True,True,4,Unsafe act,Minor injury,High,Escalate recurring issue to HSE and management,Closed,0,08_3Factor_3
08_3-058,2025-10-08,VDU,V-110,Routine Operation,HSE,Contractor used damaged safety shoes | Pressure gauge malfunction remained awaiting replacement | Loose flange had been reported during two previous rounds,True,False,True,True,1,Procedure not followed,Hydrocarbon release,Medium,Review permit and JSA,Overdue,0,08_3Factor_3
08_3-059,2025-06-07,Maintenance Area,PSV-114,Preventive Maintenance,Electrical Maintenance,Maintenance worker handled chemical line without chemical-resistant gloves | Damaged electrical cable received only temporary protection | Valve leakage had repeatedly been treated only with temporary packing adjustment,True,False,True,True,0,Unsafe condition,Minor injury,Medium,Implement permanent corrective action,Overdue,0,08_3Factor_3
08_3-060,2026-02-14,Hydrotreating Unit,C-102,Breakdown Maintenance,Instrumentation,Worker bypassed mandatory PPE because task was considered short | Pump abnormal vibration inspection was postponed | Pump leakage had been reported twice previously,True,False,True,True,1,Unsafe condition,Hydrocarbon release,Medium,Implement permanent corrective action,Open,0,08_3Factor_3
08_3-061,2024-08-31,CDU,E-207,Confined Space,Contractor,Worker bypassed mandatory PPE because task was considered short | Emergency shutdown button was defective and replacement was delayed | Loose flange had been reported during two previous rounds,True,False,True,True,1,Corrective action not closed,Fire,Medium,Complete overdue inspection,Open,0,08_3Factor_3
08_3-062,2024-08-22,Hydrogen Unit,CDU-LINE-14,Confined Space,HSE,Worker entered noisy compressor area without hearing protection | Cooling-water restriction remained unresolved | Poor lighting had been reported repeatedly,True,False,True,True,1,Inadequate supervision,Lost-time injury,Low,Repair/replace defective equipment,Overdue,0,08_3Factor_3
08_3-063,2025-10-06,Hydrogen Unit,P-305,Preventive Maintenance,Mechanical Maintenance,Technician performed grinding without face shield | Emergency shutdown button was defective and replacement was delayed | Compressor abnormal vibration had been reported three times,True,False,True,True,1,Procedure not followed,Lost-time injury,Low,Escalate recurring issue to HSE and management,In Progress,0,08_3Factor_3
08_3-064,2024-08-29,Hydrogen Unit,V-215,Breakdown Maintenance,HSE,Technician performed grinding without face shield | Gas detector gave intermittent readings and maintenance ticket remained open | Oil accumulation near pump had generated repeated housekeeping complaints,True,False,True,True,2,Unsafe condition,Lost-time injury,Medium,Complete overdue inspection,Closed,0,08_3Factor_3
08_3-065,2025-08-13,Utilities,P-305,Material Handling,Instrumentation,Maintenance worker handled chemical line without chemical-resistant gloves | Pressure safety valve inspection was overdue | Oil accumulation near pump had generated repeated housekeeping complaints,True,False,True,True,0,Deferred maintenance,Hydrocarbon release,Medium,Escalate recurring issue to HSE and management,Overdue,0,08_3Factor_3
08_3-066,2026-02-17,Maintenance Area,E-207,Breakdown Maintenance,HSE,Worker selected unsuitable respiratory protection for task | Hydrocarbon leakage from process pipeline flange remained pending for repair | Emergency shower low pressure had been reported repeatedly,True,False,True,True,3,Equipment degradation,Fire,Low,Repair/replace defective equipment,Closed,0,08_3Factor_3
08_3-067,2025-01-24,Sulfur Recovery Unit,P-305,Material Handling,Mechanical Maintenance,Welder worked without fire-resistant clothing | Emergency shutdown button was defective and replacement was delayed | Pipeline corrosion had appeared in two previous inspections,True,False,True,True,3,Unsafe condition,Minor injury,High,Repair/replace defective equipment,Open,0,08_3Factor_3
08_3-068,2024-01-14,Utilities,E-101,Hot Work,Contractor,Worker entered noisy compressor area without hearing protection | Emergency shutdown button was defective and replacement was delayed | Emergency shower low pressure had been reported repeatedly,True,False,True,True,3,Procedure not followed,Fire,High,Stop work and enforce PPE,Overdue,0,08_3Factor_3
08_3-069,2026-06-25,Hydrotreating Unit,PSV-114,Work at Height,HSE,Technician performed grinding without face shield | Gas detector gave intermittent readings and maintenance ticket remained open | Valve leakage had repeatedly been treated only with temporary packing adjustment,True,False,True,True,1,Equipment degradation,Hydrocarbon release,Medium,Review permit and JSA,Closed,0,08_3Factor_3
08_3-070,2025-12-14,Sulfur Recovery Unit,FCC-LINE-08,Routine Operation,Contractor,Contractor used damaged safety shoes | Gas detector gave intermittent readings and maintenance ticket remained open | Poor lighting had been reported repeatedly,True,False,True,True,1,Equipment degradation,Minor injury,High,Implement permanent corrective action,In Progress,0,08_3Factor_3
08_3-071,2024-09-24,VDU,PSV-114,Preventive Maintenance,Contractor,Worker selected unsuitable respiratory protection for task | Pressure gauge malfunction remained awaiting replacement | Pipeline corrosion had appeared in two previous inspections,True,False,True,True,1,Equipment degradation,Minor injury,Medium,Review permit and JSA,Overdue,0,08_3Factor_3
08_3-072,2025-12-24,Hydrotreating Unit,TK-302,Hot Work,HSE,Technician performed grinding without face shield | Damaged electrical cable received only temporary protection | Poor lighting had been reported repeatedly,True,False,True,True,3,Procedure not followed,Hydrocarbon release,Medium,Implement permanent corrective action,Overdue,0,08_3Factor_3
08_3-073,2025-08-23,Hydrotreating Unit,TK-302,Inspection,Contractor,Contractor used damaged safety shoes | Pump abnormal vibration inspection was postponed | Compressor abnormal vibration had been reported three times,True,False,True,True,4,Deferred maintenance,Lost-time injury,Medium,Implement permanent corrective action,Closed,0,08_3Factor_3
08_3-074,2024-01-07,Utilities,FCC-LINE-08,Hot Work,Contractor,Worker selected unsuitable respiratory protection for task | Hydrocarbon leakage from process pipeline flange remained pending for repair | Compressor abnormal vibration had been reported three times,True,False,True,True,0,Deferred maintenance,Equipment damage,High,Repair/replace defective equipment,In Progress,0,08_3Factor_3
08_3-075,2025-01-18,Maintenance Area,GD-22,Inspection,Mechanical Maintenance,Worker worked at height without connecting safety harness | Corrosion on process pipeline was identified but repair was deferred | Oil accumulation near pump had generated repeated housekeeping complaints,True,False,True,True,1,Unsafe condition,Hydrocarbon release,Low,Stop work and enforce PPE,In Progress,0,08_3Factor_3
11_4-001,2026-04-08,Hydrotreating Unit,P-204,Confined Space,Operations,Welder worked without fire-resistant clothing | Repeated contractor PPE violations were not escalated | Emergency shutdown button was defective and replacement was delayed | Valve leakage had repeatedly been treated only with temporary packing adjustment,True,True,True,True,0,Inadequate supervision,Minor injury,Medium,Stop work and enforce PPE,Closed,0,11_4Factor_All
11_4-002,2024-01-31,Maintenance Area,PSV-114,Routine Operation,Operations,Worker selected unsuitable respiratory protection for task | Work continued after permit expiry | Pump abnormal vibration inspection was postponed | Pump leakage had been reported twice previously,True,True,True,True,0,Unsafe condition,Minor injury,Medium,Escalate recurring issue to HSE and management,Open,0,11_4Factor_All
11_4-003,2025-01-19,Sulfur Recovery Unit,V-110,Inspection,Electrical Maintenance,Worker selected unsuitable respiratory protection for task | Work continued after permit expiry | Cooling-water restriction remained unresolved | Valve leakage had repeatedly been treated only with temporary packing adjustment,True,True,True,True,3,Equipment degradation,Fire,Medium,Review permit and JSA,Overdue,0,11_4Factor_All
11_4-004,2025-09-17,CDU,CDU-LINE-14,Preventive Maintenance,HSE,Worker entered noisy compressor area without hearing protection | Lifting operation continued despite unsafe weather conditions | Pump abnormal vibration inspection was postponed | Pump leakage had been reported twice previously,True,True,True,True,3,Inadequate supervision,Lost-time injury,High,Implement permanent corrective action,In Progress,0,11_4Factor_All
11_4-005,2025-01-12,CDU,FCC-LINE-08,Work at Height,Operations,Worker bypassed mandatory PPE because task was considered short | Work continued after permit expiry | Damaged electrical cable received only temporary protection | Emergency shower low pressure had been reported repeatedly,True,True,True,True,1,Corrective action not closed,Fire,Low,Implement permanent corrective action,Closed,0,11_4Factor_All
11_4-006,2025-11-25,Utilities,E-101,Preventive Maintenance,Contractor,Maintenance worker handled chemical line without chemical-resistant gloves | Abnormal equipment vibration was reported but operation continued | Emergency shutdown button was defective and replacement was delayed | Emergency shower low pressure had been reported repeatedly,True,True,True,True,4,Deferred maintenance,Fire,Low,Complete overdue inspection,In Progress,0,11_4Factor_All
11_4-007,2025-12-30,Hydrotreating Unit,GD-22,Material Handling,Mechanical Maintenance,Worker removed gloves during maintenance and continued work | Abnormal equipment vibration was reported but operation continued | Damaged electrical cable received only temporary protection | Pump leakage had been reported twice previously,True,True,True,True,1,Deferred maintenance,Minor injury,High,Stop work and enforce PPE,Overdue,0,11_4Factor_All
11_4-008,2025-11-09,FCC,V-110,Confined Space,Electrical Maintenance,Maintenance worker handled chemical line without chemical-resistant gloves | Welding continued near hydrocarbon equipment without adequate controls | Pressure gauge malfunction remained awaiting replacement | Compressor abnormal vibration had been reported three times,True,True,True,True,0,Unsafe condition,Minor injury,High,Implement permanent corrective action,Closed,0,11_4Factor_All
11_4-009,2025-11-12,Maintenance Area,PSV-114,Preventive Maintenance,Contractor,Technician performed grinding without face shield | Maintenance continued without confirmed isolation | Damaged electrical cable received only temporary protection | Oil accumulation near pump had generated repeated housekeeping complaints,True,True,True,True,0,Inadequate supervision,Lost-time injury,Medium,Review permit and JSA,Overdue,0,11_4Factor_All
11_4-010,2025-10-31,VDU,V-110,Inspection,Contractor,Maintenance worker handled chemical line without chemical-resistant gloves | Welding continued near hydrocarbon equipment without adequate controls | Pressure safety valve inspection was overdue | Compressor abnormal vibration had been reported three times,True,True,True,True,2,Unsafe act,Minor injury,Low,Escalate recurring issue to HSE and management,Closed,0,11_4Factor_All
11_4-011,2024-05-10,Utilities,V-110,Work at Height,Contractor,Contractor used damaged safety shoes | Abnormal equipment vibration was reported but operation continued | Hydrocarbon leakage from process pipeline flange remained pending for repair | Pipeline corrosion had appeared in two previous inspections,True,True,True,True,0,Corrective action not closed,Hydrocarbon release,Medium,Repair/replace defective equipment,In Progress,0,11_4Factor_All
11_4-012,2024-04-19,Tank Farm,FCC-LINE-08,Material Handling,Mechanical Maintenance,Worker entered process area without safety helmet | Minor leakage was observed but work was allowed to continue | Emergency shutdown button was defective and replacement was delayed | Loose flange had been reported during two previous rounds,True,True,True,True,1,Procedure not followed,Lost-time injury,Medium,Complete overdue inspection,In Progress,0,11_4Factor_All
11_4-013,2026-02-03,Tank Farm,FCC-LINE-08,Inspection,Instrumentation,Worker bypassed mandatory PPE because task was considered short | Lifting operation continued despite unsafe weather conditions | Pressure safety valve inspection was overdue | Bearing temperature had repeatedly been reported as abnormal,True,True,True,True,0,Inadequate supervision,Equipment damage,Medium,Implement permanent corrective action,Overdue,0,11_4Factor_All
11_4-014,2024-03-01,Hydrotreating Unit,GD-22,Breakdown Maintenance,Operations,Worker worked at height without connecting safety harness | Welding continued near hydrocarbon equipment without adequate controls | Corrosion on process pipeline was identified but repair was deferred | Pump leakage had been reported twice previously,True,True,True,True,1,Procedure not followed,Hydrocarbon release,High,Review permit and JSA,Closed,0,11_4Factor_All
11_4-015,2025-03-08,Hydrogen Unit,TK-302,Confined Space,Operations,Worker entered noisy compressor area without hearing protection | Repeated contractor PPE violations were not escalated | Gas detector gave intermittent readings and maintenance ticket remained open | Compressor abnormal vibration had been reported three times,True,True,True,True,4,Unsafe condition,Fire,Medium,Complete overdue inspection,Open,0,11_4Factor_All
11_4-016,2026-05-20,FCC,C-102,Inspection,Contractor,Worker selected unsuitable respiratory protection for task | Maintenance continued without confirmed isolation | Repeated mechanical seal leakage was deferred to shutdown | Gas detector abnormal readings had generated repeated reports,True,True,True,True,3,Unsafe condition,Fire,High,Implement permanent corrective action,Open,0,11_4Factor_All
11_4-017,2025-01-05,Tank Farm,P-305,Routine Operation,Operations,Worker worked at height without connecting safety harness | Repeated contractor PPE violations were not escalated | Gas detector gave intermittent readings and maintenance ticket remained open | Gas detector abnormal readings had generated repeated reports,True,True,True,True,0,Procedure not followed,Fire,Low,Implement permanent corrective action,Closed,0,11_4Factor_All
11_4-018,2025-08-30,Tank Farm,C-204,Breakdown Maintenance,Contractor,Worker worked at height without connecting safety harness | Repeated contractor PPE violations were not escalated | Corrosion on process pipeline was identified but repair was deferred | Pump leakage had been reported twice previously,True,True,True,True,0,Equipment degradation,Hydrocarbon release,Medium,Review permit and JSA,Open,0,11_4Factor_All
11_4-019,2026-03-07,VDU,P-204,Material Handling,Contractor,Contractor used damaged safety shoes | Confined-space work continued without continuous attendant supervision | Emergency shutdown button was defective and replacement was delayed | Loose flange had been reported during two previous rounds,True,True,True,True,0,Equipment degradation,Minor injury,Low,Escalate recurring issue to HSE and management,In Progress,0,11_4Factor_All
11_4-020,2024-01-24,Hydrotreating Unit,CDU-LINE-14,Breakdown Maintenance,Operations,Welder worked without fire-resistant clothing | Hot work continued before required gas test was completed | Repeated mechanical seal leakage was deferred to shutdown | Gas detector abnormal readings had generated repeated reports,True,True,True,True,3,Inadequate supervision,Hydrocarbon release,High,Stop work and enforce PPE,In Progress,0,11_4Factor_All
11_4-021,2025-02-19,Maintenance Area,E-207,Preventive Maintenance,Mechanical Maintenance,Contractor used damaged safety shoes | Minor leakage was observed but work was allowed to continue | Damaged electrical cable received only temporary protection | Bearing temperature had repeatedly been reported as abnormal,True,True,True,True,3,Equipment degradation,Equipment damage,Low,Stop work and enforce PPE,In Progress,0,11_4Factor_All
11_4-022,2026-06-01,Maintenance Area,C-102,Breakdown Maintenance,Operations,Worker entered process area without safety helmet | Minor leakage was observed but work was allowed to continue | Emergency shutdown button was defective and replacement was delayed | Loose flange had been reported during two previous rounds,True,True,True,True,0,Procedure not followed,Lost-time injury,Low,Complete overdue inspection,Open,0,11_4Factor_All
11_4-023,2024-03-27,Hydrogen Unit,C-204,Routine Operation,HSE,Worker removed gloves during maintenance and continued work | Confined-space work continued without continuous attendant supervision | Cooling-water restriction remained unresolved | Bearing temperature had repeatedly been reported as abnormal,True,True,True,True,1,Corrective action not closed,Minor injury,High,Complete overdue inspection,Overdue,0,11_4Factor_All
11_4-024,2024-05-23,CDU,C-102,Routine Operation,Mechanical Maintenance,Worker entered noisy compressor area without hearing protection | Minor leakage was observed but work was allowed to continue | Cooling-water restriction remained unresolved | Valve leakage had repeatedly been treated only with temporary packing adjustment,True,True,True,True,4,Unsafe condition,Minor injury,Medium,Complete overdue inspection,In Progress,0,11_4Factor_All
11_4-025,2024-05-17,Loading Bay,C-204,Hot Work,Instrumentation,Worker bypassed mandatory PPE because task was considered short | Lifting operation continued despite unsafe weather conditions | Pressure safety valve inspection was overdue | Gas detector abnormal readings had generated repeated reports,True,True,True,True,4,Equipment degradation,Minor injury,High,Repair/replace defective equipment,Overdue,0,11_4Factor_All
11_4-026,2025-04-12,Hydrogen Unit,TK-302,Work at Height,HSE,Welder worked without fire-resistant clothing | Repeated contractor PPE violations were not escalated | Pressure gauge malfunction remained awaiting replacement | Bearing temperature had repeatedly been reported as abnormal,True,True,True,True,1,Equipment degradation,Fire,Low,Implement permanent corrective action,In Progress,0,11_4Factor_All
11_4-027,2025-03-05,Hydrotreating Unit,P-204,Preventive Maintenance,Contractor,Worker entered noisy compressor area without hearing protection | Repeated contractor PPE violations were not escalated | Gas detector gave intermittent readings and maintenance ticket remained open | Pump leakage had been reported twice previously,True,True,True,True,4,Procedure not followed,Minor injury,Medium,Review permit and JSA,Open,0,11_4Factor_All
11_4-028,2024-12-03,VDU,V-215,Inspection,Instrumentation,Worker entered noisy compressor area without hearing protection | Lifting operation continued despite unsafe weather conditions | Pressure safety valve inspection was overdue | Gas detector abnormal readings had generated repeated reports,True,True,True,True,1,Unsafe act,Minor injury,Medium,Increase supervisory monitoring,Open,0,11_4Factor_All
11_4-029,2024-06-28,Hydrotreating Unit,CDU-LINE-14,Preventive Maintenance,Operations,Worker bypassed mandatory PPE because task was considered short | Work continued after permit expiry | Pump abnormal vibration inspection was postponed | Bearing temperature had repeatedly been reported as abnormal,True,True,True,True,2,Unsafe condition,Equipment damage,Medium,Complete overdue inspection,Overdue,0,11_4Factor_All
11_4-030,2024-07-04,CDU,FCC-LINE-08,Breakdown Maintenance,Contractor,Worker removed gloves during maintenance and continued work | Minor leakage was observed but work was allowed to continue | Repeated mechanical seal leakage was deferred to shutdown | Emergency shower low pressure had been reported repeatedly,True,True,True,True,3,Unsafe condition,Fire,Medium,Repair/replace defective equipment,Overdue,0,11_4Factor_All
11_4-031,2025-08-04,Tank Farm,V-110,Material Handling,HSE,Worker entered process area without safety helmet | Lifting operation continued despite unsafe weather conditions | Corrosion on process pipeline was identified but repair was deferred | Valve leakage had repeatedly been treated only with temporary packing adjustment,True,True,True,True,3,Inadequate supervision,Lost-time injury,High,Complete overdue inspection,Overdue,0,11_4Factor_All
11_4-032,2025-06-17,VDU,TK-302,Inspection,Operations,Welder worked without fire-resistant clothing | Hot work continued before required gas test was completed | Pressure safety valve inspection was overdue | Emergency shower low pressure had been reported repeatedly,True,True,True,True,2,Unsafe condition,Minor injury,Low,Escalate recurring issue to HSE and management,Open,0,11_4Factor_All
11_4-033,2024-03-27,Tank Farm,E-207,Preventive Maintenance,Instrumentation,Worker removed gloves during maintenance and continued work | Work continued after permit expiry | Hydrocarbon leakage from process pipeline flange remained pending for repair | Emergency shower low pressure had been reported repeatedly,True,True,True,True,4,Unsafe act,Hydrocarbon release,Medium,Escalate recurring issue to HSE and management,In Progress,0,11_4Factor_All
11_4-034,2026-07-21,Tank Farm,P-305,Inspection,Mechanical Maintenance,Contractor used damaged safety shoes | Minor leakage was observed but work was allowed to continue | Cooling-water restriction remained unresolved | Poor lighting had been reported repeatedly,True,True,True,True,4,Unsafe act,Equipment damage,Low,Complete overdue inspection,In Progress,0,11_4Factor_All
11_4-035,2025-06-10,Sulfur Recovery Unit,FCC-LINE-08,Inspection,HSE,Worker entered process area without safety helmet | Repeated contractor PPE violations were not escalated | Emergency shutdown button was defective and replacement was delayed | Emergency shower low pressure had been reported repeatedly,True,True,True,True,1,Corrective action not closed,Minor injury,Medium,Increase supervisory monitoring,Open,0,11_4Factor_All
11_4-036,2024-10-24,Hydrotreating Unit,FCC-LINE-08,Routine Operation,Instrumentation,Worker selected unsuitable respiratory protection for task | Confined-space work continued without continuous attendant supervision | Pressure safety valve inspection was overdue | Poor lighting had been reported repeatedly,True,True,True,True,0,Procedure not followed,Lost-time injury,High,Increase supervisory monitoring,Overdue,0,11_4Factor_All
11_4-037,2024-02-28,CDU,V-110,Breakdown Maintenance,Instrumentation,Worker entered process area without safety helmet | Abnormal equipment vibration was reported but operation continued | Emergency shutdown button was defective and replacement was delayed | Loose flange had been reported during two previous rounds,True,True,True,True,2,Inadequate supervision,Minor injury,Medium,Stop work and enforce PPE,Open,0,11_4Factor_All
11_4-038,2025-03-17,Tank Farm,P-101,Breakdown Maintenance,Contractor,Maintenance worker handled chemical line without chemical-resistant gloves | Hot work continued before required gas test was completed | Damaged electrical cable received only temporary protection | Bearing temperature had repeatedly been reported as abnormal,True,True,True,True,1,Inadequate supervision,Minor injury,High,Repair/replace defective equipment,Overdue,0,11_4Factor_All
11_4-039,2025-02-08,Tank Farm,FCC-LINE-08,Material Handling,Mechanical Maintenance,Welder worked without fire-resistant clothing | Lifting operation continued despite unsafe weather conditions | Gas detector gave intermittent readings and maintenance ticket remained open | Gas detector abnormal readings had generated repeated reports,True,True,True,True,4,Unsafe condition,Minor injury,Medium,Complete overdue inspection,Overdue,0,11_4Factor_All
11_4-040,2024-01-06,Utilities,TK-302,Work at Height,Operations,Maintenance worker handled chemical line without chemical-resistant gloves | Hot work continued before required gas test was completed | Corrosion on process pipeline was identified but repair was deferred | Pipeline corrosion had appeared in two previous inspections,True,True,True,True,0,Unsafe condition,Hydrocarbon release,Medium,Implement permanent corrective action,In Progress,0,11_4Factor_All
11_4-041,2026-08-29,Sulfur Recovery Unit,PSV-114,Confined Space,HSE,Welder worked without fire-resistant clothing | Hot work continued before required gas test was completed | Gas detector gave intermittent readings and maintenance ticket remained open | Oil accumulation near pump had generated repeated housekeeping complaints,True,True,True,True,4,Equipment degradation,Lost-time injury,High,Implement permanent corrective action,Overdue,0,11_4Factor_All
11_4-042,2024-05-14,CDU,FCC-LINE-08,Work at Height,Instrumentation,Technician performed grinding without face shield | Supervisor observed missing PPE but allowed work to continue | Pressure gauge malfunction remained awaiting replacement | Gas detector abnormal readings had generated repeated reports,True,True,True,True,2,Procedure not followed,Lost-time injury,Low,Implement permanent corrective action,Open,0,11_4Factor_All
11_4-043,2025-03-20,FCC,TK-302,Breakdown Maintenance,Mechanical Maintenance,Welder worked without fire-resistant clothing | Confined-space work continued without continuous attendant supervision | Emergency shutdown button was defective and replacement was delayed | Compressor abnormal vibration had been reported three times,True,True,True,True,3,Inadequate supervision,Equipment damage,Medium,Increase supervisory monitoring,Open,0,11_4Factor_All
11_4-044,2026-06-03,Maintenance Area,FCC-LINE-08,Breakdown Maintenance,Mechanical Maintenance,Maintenance worker handled chemical line without chemical-resistant gloves | Repeated contractor PPE violations were not escalated | Corrosion on process pipeline was identified but repair was deferred | Oil accumulation near pump had generated repeated housekeeping complaints,True,True,True,True,0,Unsafe act,Lost-time injury,Medium,Repair/replace defective equipment,Overdue,0,11_4Factor_All
11_4-045,2024-02-09,CDU,V-215,Confined Space,HSE,Maintenance worker handled chemical line without chemical-resistant gloves | Maintenance continued without confirmed isolation | Gas detector gave intermittent readings and maintenance ticket remained open | Pump leakage had been reported twice previously,True,True,True,True,4,Inadequate supervision,Minor injury,Medium,Implement permanent corrective action,In Progress,0,11_4Factor_All
11_4-046,2024-08-15,VDU,C-204,Work at Height,Electrical Maintenance,Contractor used damaged safety shoes | Work continued after permit expiry | Hydrocarbon leakage from process pipeline flange remained pending for repair | Bearing temperature had repeatedly been reported as abnormal,True,True,True,True,3,Inadequate supervision,Fire,Low,Implement permanent corrective action,Overdue,0,11_4Factor_All
11_4-047,2024-09-09,Hydrotreating Unit,E-101,Hot Work,HSE,Worker entered process area without safety helmet | Maintenance continued without confirmed isolation | Hydrocarbon leakage from process pipeline flange remained pending for repair | Pump leakage had been reported twice previously,True,True,True,True,0,Unsafe act,Lost-time injury,Medium,Review permit and JSA,In Progress,0,11_4Factor_All
11_4-048,2024-09-15,FCC,V-110,Work at Height,Contractor,Worker entered noisy compressor area without hearing protection | Lifting operation continued despite unsafe weather conditions | Pressure safety valve inspection was overdue | Compressor abnormal vibration had been reported three times,True,True,True,True,0,Corrective action not closed,Equipment damage,Low,Complete overdue inspection,Closed,0,11_4Factor_All
11_4-049,2024-08-31,VDU,P-101,Inspection,Mechanical Maintenance,Maintenance worker handled chemical line without chemical-resistant gloves | Abnormal equipment vibration was reported but operation continued | Gas detector gave intermittent readings and maintenance ticket remained open | Compressor abnormal vibration had been reported three times,True,True,True,True,0,Equipment degradation,Equipment damage,Medium,Review permit and JSA,Open,0,11_4Factor_All
11_4-050,2024-03-17,Hydrogen Unit,V-215,Hot Work,HSE,Welder worked without fire-resistant clothing | Work continued after permit expiry | Corrosion on process pipeline was identified but repair was deferred | Bearing temperature had repeatedly been reported as abnormal,True,True,True,True,1,Inadequate supervision,Lost-time injury,Low,Complete overdue inspection,Overdue,0,11_4Factor_All
11_4-051,2025-10-06,Maintenance Area,C-204,Breakdown Maintenance,Electrical Maintenance,Contractor used damaged safety shoes | Hot work continued before required gas test was completed | Emergency shutdown button was defective and replacement was delayed | Emergency shower low pressure had been reported repeatedly,True,True,True,True,4,Unsafe act,Lost-time injury,Low,Escalate recurring issue to HSE and management,Open,0,11_4Factor_All
11_4-052,2026-03-24,Loading Bay,V-215,Confined Space,Instrumentation,Contractor used damaged safety shoes | Work continued after permit expiry | Damaged electrical cable received only temporary protection | Bearing temperature had repeatedly been reported as abnormal,True,True,True,True,0,Procedure not followed,Hydrocarbon release,Medium,Complete overdue inspection,In Progress,0,11_4Factor_All
11_4-053,2024-07-07,Loading Bay,C-204,Hot Work,Mechanical Maintenance,Worker worked at height without connecting safety harness | Abnormal equipment vibration was reported but operation continued | Corrosion on process pipeline was identified but repair was deferred | Valve leakage had repeatedly been treated only with temporary packing adjustment,True,True,True,True,0,Inadequate supervision,Equipment damage,High,Implement permanent corrective action,Closed,0,11_4Factor_All
11_4-054,2025-07-19,FCC,C-204,Breakdown Maintenance,Electrical Maintenance,Worker worked at height without connecting safety harness | Welding continued near hydrocarbon equipment without adequate controls | Hydrocarbon leakage from process pipeline flange remained pending for repair | Bearing temperature had repeatedly been reported as abnormal,True,True,True,True,1,Corrective action not closed,Minor injury,Medium,Increase supervisory monitoring,Open,0,11_4Factor_All
11_4-055,2025-10-19,VDU,TK-302,Hot Work,Contractor,Maintenance worker handled chemical line without chemical-resistant gloves | Minor leakage was observed but work was allowed to continue | Pump abnormal vibration inspection was postponed | Pump leakage had been reported twice previously,True,True,True,True,2,Unsafe condition,Fire,Medium,Review permit and JSA,Closed,0,11_4Factor_All
11_4-056,2024-11-28,Loading Bay,FCC-LINE-08,Preventive Maintenance,Contractor,Worker entered process area without safety helmet | Lifting operation continued despite unsafe weather conditions | Corrosion on process pipeline was identified but repair was deferred | Pipeline corrosion had appeared in two previous inspections,True,True,True,True,1,Equipment degradation,Minor injury,Medium,Implement permanent corrective action,Overdue,0,11_4Factor_All
11_4-057,2026-08-26,Hydrogen Unit,CDU-LINE-14,Confined Space,Mechanical Maintenance,Worker bypassed mandatory PPE because task was considered short | Minor leakage was observed but work was allowed to continue | Corrosion on process pipeline was identified but repair was deferred | Oil accumulation near pump had generated repeated housekeeping complaints,True,True,True,True,1,Deferred maintenance,Fire,Medium,Repair/replace defective equipment,Overdue,0,11_4Factor_All
11_4-058,2025-01-12,Hydrogen Unit,CDU-LINE-14,Material Handling,Contractor,Worker selected unsuitable respiratory protection for task | Hot work continued before required gas test was completed | Emergency shutdown button was defective and replacement was delayed | Gas detector abnormal readings had generated repeated reports,True,True,True,True,3,Unsafe condition,Lost-time injury,Medium,Implement permanent corrective action,Closed,0,11_4Factor_All
11_4-059,2024-01-22,VDU,V-215,Inspection,Instrumentation,Worker worked at height without connecting safety harness | Maintenance continued without confirmed isolation | Gas detector gave intermittent readings and maintenance ticket remained open | Valve leakage had repeatedly been treated only with temporary packing adjustment,True,True,True,True,1,Equipment degradation,Lost-time injury,Low,Review permit and JSA,Open,0,11_4Factor_All
11_4-060,2026-01-11,CDU,PSV-114,Routine Operation,Mechanical Maintenance,Worker entered process area without safety helmet | Abnormal equipment vibration was reported but operation continued | Pump abnormal vibration inspection was postponed | Emergency shower low pressure had been reported repeatedly,True,True,True,True,3,Unsafe condition,Minor injury,Low,Increase supervisory monitoring,Open,0,11_4Factor_All
11_4-061,2024-10-01,Hydrogen Unit,P-305,Material Handling,HSE,Worker bypassed mandatory PPE because task was considered short | Supervisor observed missing PPE but allowed work to continue | Hydrocarbon leakage from process pipeline flange remained pending for repair | Compressor abnormal vibration had been reported three times,True,True,True,True,4,Deferred maintenance,Minor injury,Medium,Increase supervisory monitoring,In Progress,0,11_4Factor_All
11_4-062,2024-11-10,VDU,P-101,Routine Operation,Operations,Worker selected unsuitable respiratory protection for task | Maintenance continued without confirmed isolation | Corrosion on process pipeline was identified but repair was deferred | Pump leakage had been reported twice previously,True,True,True,True,4,Procedure not followed,Equipment damage,Medium,Complete overdue inspection,Open,0,11_4Factor_All
11_4-063,2025-06-07,FCC,V-110,Hot Work,Mechanical Maintenance,Worker worked at height without connecting safety harness | Supervisor observed missing PPE but allowed work to continue | Corrosion on process pipeline was identified but repair was deferred | Pump leakage had been reported twice previously,True,True,True,True,1,Equipment degradation,Hydrocarbon release,High,Review permit and JSA,Open,0,11_4Factor_All
11_4-064,2025-05-18,Sulfur Recovery Unit,P-204,Work at Height,Operations,Technician performed grinding without face shield | Welding continued near hydrocarbon equipment without adequate controls | Pump abnormal vibration inspection was postponed | Pipeline corrosion had appeared in two previous inspections,True,True,True,True,2,Unsafe act,Equipment damage,Low,Escalate recurring issue to HSE and management,In Progress,0,11_4Factor_All
11_4-065,2024-07-01,Maintenance Area,GD-22,Hot Work,Electrical Maintenance,Worker removed gloves during maintenance and continued work | Lifting operation continued despite unsafe weather conditions | Repeated mechanical seal leakage was deferred to shutdown | Gas detector abnormal readings had generated repeated reports,True,True,True,True,3,Unsafe act,Fire,Medium,Complete overdue inspection,Overdue,0,11_4Factor_All
11_4-066,2025-11-08,Utilities,E-101,Material Handling,Operations,Welder worked without fire-resistant clothing | Hot work continued before required gas test was completed | Hydrocarbon leakage from process pipeline flange remained pending for repair | Gas detector abnormal readings had generated repeated reports,True,True,True,True,1,Unsafe act,Lost-time injury,Medium,Escalate recurring issue to HSE and management,Overdue,0,11_4Factor_All
11_4-067,2026-01-14,Sulfur Recovery Unit,E-101,Confined Space,Instrumentation,Worker worked at height without connecting safety harness | Hot work continued before required gas test was completed | Cooling-water restriction remained unresolved | Gas detector abnormal readings had generated repeated reports,True,True,True,True,1,Equipment degradation,Fire,High,Review permit and JSA,Closed,0,11_4Factor_All
11_4-068,2024-05-21,Loading Bay,GD-22,Inspection,Instrumentation,Contractor used damaged safety shoes | Repeated contractor PPE violations were not escalated | Damaged electrical cable received only temporary protection | Oil accumulation near pump had generated repeated housekeeping complaints,True,True,True,True,4,Unsafe act,Equipment damage,High,Escalate recurring issue to HSE and management,Overdue,0,11_4Factor_All
11_4-069,2025-06-23,Loading Bay,E-101,Breakdown Maintenance,Operations,Technician performed grinding without face shield | Welding continued near hydrocarbon equipment without adequate controls | Cooling-water restriction remained unresolved | Pump leakage had been reported twice previously,True,True,True,True,1,Unsafe act,Fire,Low,Complete overdue inspection,Closed,0,11_4Factor_All
11_4-070,2026-05-19,Hydrogen Unit,P-101,Breakdown Maintenance,Operations,Welder worked without fire-resistant clothing | Work continued after permit expiry | Pressure gauge malfunction remained awaiting replacement | Bearing temperature had repeatedly been reported as abnormal,True,True,True,True,3,Equipment degradation,Lost-time injury,Medium,Implement permanent corrective action,In Progress,0,11_4Factor_All
11_4-071,2025-01-21,Maintenance Area,GD-22,Breakdown Maintenance,Operations,Contractor used damaged safety shoes | Lifting operation continued despite unsafe weather conditions | Hydrocarbon leakage from process pipeline flange remained pending for repair | Compressor abnormal vibration had been reported three times,True,True,True,True,4,Unsafe condition,Hydrocarbon release,Low,Complete overdue inspection,In Progress,0,11_4Factor_All
11_4-072,2024-03-21,FCC,TK-302,Hot Work,Instrumentation,Technician performed grinding without face shield | Supervisor observed missing PPE but allowed work to continue | Repeated mechanical seal leakage was deferred to shutdown | Emergency shower low pressure had been reported repeatedly,True,True,True,True,1,Deferred maintenance,Hydrocarbon release,Medium,Implement permanent corrective action,Closed,0,11_4Factor_All
11_4-073,2025-03-30,FCC,P-101,Confined Space,Instrumentation,Welder worked without fire-resistant clothing | Hot work continued before required gas test was completed | Pressure gauge malfunction remained awaiting replacement | Pump leakage had been reported twice previously,True,True,True,True,0,Equipment degradation,Equipment damage,Medium,Review permit and JSA,Closed,0,11_4Factor_All
11_4-074,2026-07-30,Hydrogen Unit,V-215,Routine Operation,Mechanical Maintenance,Maintenance worker handled chemical line without chemical-resistant gloves | Repeated contractor PPE violations were not escalated | Pressure gauge malfunction remained awaiting replacement | Pipeline corrosion had appeared in two previous inspections,True,True,True,True,0,Deferred maintenance,Lost-time injury,High,Repair/replace defective equipment,Open,0,11_4Factor_All
11_4-075,2026-04-16,Utilities,C-102,Hot Work,Operations,Worker selected unsuitable respiratory protection for task | Lifting operation continued despite unsafe weather conditions | Gas detector gave intermittent readings and maintenance ticket remained open | Emergency shower low pressure had been reported repeatedly,True,True,True,True,1,Unsafe act,Fire,Low,Stop work and enforce PPE,Closed,0,11_4Factor_All
11_4-076,2025-09-09,Hydrogen Unit,CDU-LINE-14,Routine Operation,Electrical Maintenance,Worker entered process area without safety helmet | Welding continued near hydrocarbon equipment without adequate controls | Pressure safety valve inspection was overdue | Gas detector abnormal readings had generated repeated reports,True,True,True,True,4,Unsafe condition,Minor injury,Low,Escalate recurring issue to HSE and management,In Progress,0,11_4Factor_All
11_4-077,2025-10-15,Tank Farm,P-101,Routine Operation,Electrical Maintenance,Maintenance worker handled chemical line without chemical-resistant gloves | Confined-space work continued without continuous attendant supervision | Pump abnormal vibration inspection was postponed | Valve leakage had repeatedly been treated only with temporary packing adjustment,True,True,True,True,4,Unsafe act,Equipment damage,Low,Complete overdue inspection,Open,0,11_4Factor_All
11_4-078,2024-12-31,VDU,V-110,Confined Space,Contractor,Contractor used damaged safety shoes | Minor leakage was observed but work was allowed to continue | Corrosion on process pipeline was identified but repair was deferred | Loose flange had been reported during two previous rounds,True,True,True,True,3,Procedure not followed,Lost-time injury,Medium,Stop work and enforce PPE,In Progress,0,11_4Factor_All
11_4-079,2024-01-25,VDU,FCC-LINE-08,Preventive Maintenance,Contractor,Worker selected unsuitable respiratory protection for task | Abnormal equipment vibration was reported but operation continued | Hydrocarbon leakage from process pipeline flange remained pending for repair | Pipeline corrosion had appeared in two previous inspections,True,True,True,True,1,Unsafe condition,Hydrocarbon release,Medium,Repair/replace defective equipment,In Progress,0,11_4Factor_All
11_4-080,2026-02-26,Sulfur Recovery Unit,C-204,Work at Height,HSE,Worker removed gloves during maintenance and continued work | Minor leakage was observed but work was allowed to continue | Repeated mechanical seal leakage was deferred to shutdown | Bearing temperature had repeatedly been reported as abnormal,True,True,True,True,2,Corrective action not closed,Lost-time injury,High,Review permit and JSA,Open,0,11_4Factor_All
11_4-081,2026-07-01,Tank Farm,P-204,Routine Operation,Mechanical Maintenance,Maintenance worker handled chemical line without chemical-resistant gloves | Welding continued near hydrocarbon equipment without adequate controls | Repeated mechanical seal leakage was deferred to shutdown | Valve leakage had repeatedly been treated only with temporary packing adjustment,True,True,True,True,0,Corrective action not closed,Equipment damage,Medium,Increase supervisory monitoring,Closed,0,11_4Factor_All
11_4-082,2025-07-14,VDU,C-204,Work at Height,Electrical Maintenance,Worker selected unsuitable respiratory protection for task | Hot work continued before required gas test was completed | Emergency shutdown button was defective and replacement was delayed | Loose flange had been reported during two previous rounds,True,True,True,True,1,Unsafe act,Lost-time injury,Medium,Stop work and enforce PPE,In Progress,0,11_4Factor_All
11_4-083,2025-12-28,Tank Farm,P-101,Work at Height,Electrical Maintenance,Welder worked without fire-resistant clothing | Work continued after permit expiry | Pressure safety valve inspection was overdue | Oil accumulation near pump had generated repeated housekeeping complaints,True,True,True,True,1,Deferred maintenance,Equipment damage,Low,Review permit and JSA,In Progress,0,11_4Factor_All
11_4-084,2025-03-27,Tank Farm,C-204,Routine Operation,HSE,Worker removed gloves during maintenance and continued work | Abnormal equipment vibration was reported but operation continued | Cooling-water restriction remained unresolved | Loose flange had been reported during two previous rounds,True,True,True,True,0,Equipment degradation,Equipment damage,High,Stop work and enforce PPE,In Progress,0,11_4Factor_All
11_4-085,2025-12-17,Hydrogen Unit,V-215,Material Handling,Contractor,Worker worked at height without connecting safety harness | Hot work continued before required gas test was completed | Pressure safety valve inspection was overdue | Emergency shower low pressure had been reported repeatedly,True,True,True,True,1,Unsafe act,Minor injury,High,Complete overdue inspection,Overdue,0,11_4Factor_All
11_4-086,2025-04-24,Utilities,V-110,Preventive Maintenance,Electrical Maintenance,Technician performed grinding without face shield | Hot work continued before required gas test was completed | Pressure gauge malfunction remained awaiting replacement | Compressor abnormal vibration had been reported three times,True,True,True,True,3,Inadequate supervision,Lost-time injury,High,Escalate recurring issue to HSE and management,Overdue,0,11_4Factor_All
11_4-087,2024-08-05,FCC,FCC-LINE-08,Inspection,Electrical Maintenance,Technician performed grinding without face shield | Confined-space work continued without continuous attendant supervision | Emergency shutdown button was defective and replacement was delayed | Pump leakage had been reported twice previously,True,True,True,True,4,Procedure not followed,Hydrocarbon release,Medium,Stop work and enforce PPE,Overdue,0,11_4Factor_All
11_4-088,2024-03-04,Hydrotreating Unit,C-204,Breakdown Maintenance,Operations,Contractor used damaged safety shoes | Work continued after permit expiry | Corrosion on process pipeline was identified but repair was deferred | Pump leakage had been reported twice previously,True,True,True,True,1,Unsafe condition,Hydrocarbon release,Low,Stop work and enforce PPE,Closed,0,11_4Factor_All
11_4-089,2025-02-18,CDU,P-204,Confined Space,Electrical Maintenance,Welder worked without fire-resistant clothing | Work continued after permit expiry | Gas detector gave intermittent readings and maintenance ticket remained open | Bearing temperature had repeatedly been reported as abnormal,True,True,True,True,1,Corrective action not closed,Lost-time injury,Medium,Complete overdue inspection,In Progress,0,11_4Factor_All
11_4-090,2024-07-22,Maintenance Area,V-215,Routine Operation,HSE,Contractor used damaged safety shoes | Work continued after permit expiry | Emergency shutdown button was defective and replacement was delayed | Bearing temperature had repeatedly been reported as abnormal,True,True,True,True,1,Corrective action not closed,Fire,High,Escalate recurring issue to HSE and management,In Progress,0,11_4Factor_All
11_4-091,2024-03-20,Sulfur Recovery Unit,P-204,Confined Space,Electrical Maintenance,Worker entered noisy compressor area without hearing protection | Lifting operation continued despite unsafe weather conditions | Hydrocarbon leakage from process pipeline flange remained pending for repair | Gas detector abnormal readings had generated repeated reports,True,True,True,True,3,Procedure not followed,Hydrocarbon release,Medium,Implement permanent corrective action,Open,0,11_4Factor_All
11_4-092,2025-04-06,Loading Bay,PSV-114,Breakdown Maintenance,HSE,Worker selected unsuitable respiratory protection for task | Abnormal equipment vibration was reported but operation continued | Pump abnormal vibration inspection was postponed | Pump leakage had been reported twice previously,True,True,True,True,1,Deferred maintenance,Hydrocarbon release,Medium,Repair/replace defective equipment,Closed,0,11_4Factor_All
11_4-093,2024-08-02,Loading Bay,GD-22,Preventive Maintenance,Contractor,Worker bypassed mandatory PPE because task was considered short | Supervisor observed missing PPE but allowed work to continue | Cooling-water restriction remained unresolved | Loose flange had been reported during two previous rounds,True,True,True,True,0,Deferred maintenance,Fire,Medium,Implement permanent corrective action,Overdue,0,11_4Factor_All
11_4-094,2025-02-27,FCC,E-101,Confined Space,Electrical Maintenance,Worker entered noisy compressor area without hearing protection | Lifting operation continued despite unsafe weather conditions | Damaged electrical cable received only temporary protection | Emergency shower low pressure had been reported repeatedly,True,True,True,True,4,Unsafe condition,Minor injury,Medium,Escalate recurring issue to HSE and management,In Progress,0,11_4Factor_All
11_4-095,2025-07-09,VDU,P-204,Routine Operation,HSE,Contractor used damaged safety shoes | Confined-space work continued without continuous attendant supervision | Gas detector gave intermittent readings and maintenance ticket remained open | Pipeline corrosion had appeared in two previous inspections,True,True,True,True,4,Deferred maintenance,Minor injury,Low,Stop work and enforce PPE,Overdue,0,11_4Factor_All
11_4-096,2026-02-06,Hydrogen Unit,PSV-114,Material Handling,HSE,Worker selected unsuitable respiratory protection for task | Minor leakage was observed but work was allowed to continue | Repeated mechanical seal leakage was deferred to shutdown | Pump leakage had been reported twice previously,True,True,True,True,2,Deferred maintenance,Lost-time injury,High,Stop work and enforce PPE,In Progress,0,11_4Factor_All
11_4-097,2026-05-26,Hydrogen Unit,E-207,Hot Work,Electrical Maintenance,Technician performed grinding without face shield | Lifting operation continued despite unsafe weather conditions | Emergency shutdown button was defective and replacement was delayed | Emergency shower low pressure had been reported repeatedly,True,True,True,True,3,Equipment degradation,Fire,Low,Complete overdue inspection,Closed,0,11_4Factor_All
11_4-098,2026-05-08,Sulfur Recovery Unit,GD-22,Work at Height,Electrical Maintenance,Maintenance worker handled chemical line without chemical-resistant gloves | Supervisor observed missing PPE but allowed work to continue | Gas detector gave intermittent readings and maintenance ticket remained open | Pump leakage had been reported twice previously,True,True,True,True,0,Unsafe condition,Lost-time injury,Low,Escalate recurring issue to HSE and management,Overdue,0,11_4Factor_All
11_4-099,2024-09-04,Utilities,TK-302,Breakdown Maintenance,Instrumentation,Maintenance worker handled chemical line without chemical-resistant gloves | Abnormal equipment vibration was reported but operation continued | Gas detector gave intermittent readings and maintenance ticket remained open | Pump leakage had been reported twice previously,True,True,True,True,4,Inadequate supervision,Lost-time injury,High,Escalate recurring issue to HSE and management,In Progress,0,11_4Factor_All
11_4-100,2025-03-23,Loading Bay,P-305,Work at Height,Mechanical Maintenance,Technician performed grinding without face shield | Maintenance continued without confirmed isolation | Damaged electrical cable received only temporary protection | Compressor abnormal vibration had been reported three times,True,True,True,True,4,Unsafe act,Fire,High,Stop work and enforce PPE,Open,0,11_4Factor_All
12_H-001,2025-03-23,FCC,E-101,Work at Height,Mechanical Maintenance,Worker bypassed mandatory PPE because task was considered short | Maintenance continued without confirmed isolation | Hydrocarbon leakage from process pipeline flange remained pending for repair | Valve leakage had repeatedly been treated only with temporary packing adjustment,True,True,True,True,4,Unsafe condition,Multiple casualties and major fire,Critical,Implement permanent corrective action,In Progress,1,12_High_Potential
12_H-002,2024-10-31,Maintenance Area,GD-22,Preventive Maintenance,Operations,Worker removed gloves during maintenance and continued work | Welding continued near hydrocarbon equipment without adequate controls | Gas detector gave intermittent readings and maintenance ticket remained open | Pipeline corrosion had appeared in two previous inspections,True,True,True,True,0,Deferred maintenance,Multiple casualties and major fire,High,Escalate recurring issue to HSE and management,Open,1,12_High_Potential
12_H-003,2024-04-19,VDU,E-101,Routine Operation,Instrumentation,Welder worked without fire-resistant clothing | Confined-space work continued without continuous attendant supervision | Pressure gauge malfunction remained awaiting replacement | Compressor abnormal vibration had been reported three times,True,True,True,True,0,Unsafe act,Toxic gas release affecting multiple workers,High,Review permit and JSA,Open,1,12_High_Potential
12_H-004,2024-08-03,Maintenance Area,GD-22,Routine Operation,Operations,Contractor used damaged safety shoes | Lifting operation continued despite unsafe weather conditions | Emergency shutdown button was defective and replacement was delayed | Gas detector abnormal readings had generated repeated reports,True,True,True,True,1,Inadequate supervision,Major equipment rupture with fire escalation,High,Complete overdue inspection,Overdue,1,12_High_Potential
12_H-005,2025-09-20,Loading Bay,PSV-114,Breakdown Maintenance,Mechanical Maintenance,Worker worked at height without connecting safety harness | Minor leakage was observed but work was allowed to continue | Pressure safety valve inspection was overdue | Compressor abnormal vibration had been reported three times,True,True,True,True,1,Corrective action not closed,Major equipment rupture with fire escalation,High,Complete overdue inspection,Open,1,12_High_Potential
12_H-006,2026-07-09,Hydrogen Unit,P-204,Work at Height,Contractor,Worker entered process area without safety helmet | Lifting operation continued despite unsafe weather conditions | Pressure gauge malfunction remained awaiting replacement | Poor lighting had been reported repeatedly,True,True,True,True,0,Procedure not followed,Toxic gas release affecting multiple workers,Critical,Implement permanent corrective action,Closed,1,12_High_Potential
12_H-007,2025-04-23,VDU,CDU-LINE-14,Hot Work,Mechanical Maintenance,Contractor used damaged safety shoes | Minor leakage was observed but work was allowed to continue | Gas detector gave intermittent readings and maintenance ticket remained open | Poor lighting had been reported repeatedly,True,True,True,True,2,Corrective action not closed,Toxic gas release affecting multiple workers,Critical,Repair/replace defective equipment,Overdue,1,12_High_Potential
12_H-008,2025-03-19,Hydrogen Unit,CDU-LINE-14,Work at Height,Electrical Maintenance,Contractor used damaged safety shoes | Abnormal equipment vibration was reported but operation continued | Pressure safety valve inspection was overdue | Loose flange had been reported during two previous rounds,True,True,True,True,4,Equipment degradation,Toxic gas release affecting multiple workers,Critical,Increase supervisory monitoring,Open,1,12_High_Potential
12_H-009,2025-04-05,CDU,P-204,Breakdown Maintenance,Electrical Maintenance,Worker entered process area without safety helmet | Minor leakage was observed but work was allowed to continue | Pressure safety valve inspection was overdue | Valve leakage had repeatedly been treated only with temporary packing adjustment,True,True,True,True,3,Deferred maintenance,Toxic gas release affecting multiple workers,Critical,Increase supervisory monitoring,In Progress,1,12_High_Potential
12_H-010,2025-01-01,CDU,TK-302,Work at Height,Mechanical Maintenance,Technician performed grinding without face shield | Welding continued near hydrocarbon equipment without adequate controls | Cooling-water restriction remained unresolved | Loose flange had been reported during two previous rounds,True,True,True,True,1,Deferred maintenance,Explosion with multiple potential fatalities,High,Escalate recurring issue to HSE and management,Closed,1,12_High_Potential
12_H-011,2026-07-09,Loading Bay,C-204,Preventive Maintenance,HSE,Worker removed gloves during maintenance and continued work | Hot work continued before required gas test was completed | Gas detector gave intermittent readings and maintenance ticket remained open | Pipeline corrosion had appeared in two previous inspections,True,True,True,True,4,Equipment degradation,Multiple casualties and major fire,High,Review permit and JSA,Overdue,1,12_High_Potential
12_H-012,2024-11-21,VDU,E-101,Breakdown Maintenance,HSE,Maintenance worker handled chemical line without chemical-resistant gloves | Welding continued near hydrocarbon equipment without adequate controls | Hydrocarbon leakage from process pipeline flange remained pending for repair | Oil accumulation near pump had generated repeated housekeeping complaints,True,True,True,True,3,Inadequate supervision,Multiple casualties and major fire,Critical,Escalate recurring issue to HSE and management,Overdue,1,12_High_Potential
12_H-013,2024-08-30,Loading Bay,E-207,Routine Operation,Electrical Maintenance,Welder worked without fire-resistant clothing | Supervisor observed missing PPE but allowed work to continue | Repeated mechanical seal leakage was deferred to shutdown | Pump leakage had been reported twice previously,True,True,True,True,3,Equipment degradation,Multiple casualties and major fire,Critical,Stop work and enforce PPE,Open,1,12_High_Potential
12_H-014,2025-04-26,Maintenance Area,P-101,Confined Space,Electrical Maintenance,Contractor used damaged safety shoes | Confined-space work continued without continuous attendant supervision | Pressure safety valve inspection was overdue | Loose flange had been reported during two previous rounds,True,True,True,True,2,Equipment degradation,Toxic gas release affecting multiple workers,Critical,Review permit and JSA,Overdue,1,12_High_Potential
12_H-015,2026-05-19,Sulfur Recovery Unit,GD-22,Confined Space,Mechanical Maintenance,Worker entered noisy compressor area without hearing protection | Abnormal equipment vibration was reported but operation continued | Pump abnormal vibration inspection was postponed | Pump leakage had been reported twice previously,True,True,True,True,1,Unsafe condition,Multiple casualties and major fire,High,Stop work and enforce PPE,In Progress,1,12_High_Potential
12_H-016,2026-01-11,Hydrotreating Unit,V-110,Confined Space,Electrical Maintenance,Worker removed gloves during maintenance and continued work | Supervisor observed missing PPE but allowed work to continue | Hydrocarbon leakage from process pipeline flange remained pending for repair | Pipeline corrosion had appeared in two previous inspections,True,True,True,True,0,Equipment degradation,Multiple casualties and major fire,Critical,Repair/replace defective equipment,In Progress,1,12_High_Potential
12_H-017,2025-08-20,Loading Bay,C-102,Material Handling,Contractor,Technician performed grinding without face shield | Maintenance continued without confirmed isolation | Cooling-water restriction remained unresolved | Gas detector abnormal readings had generated repeated reports,True,True,True,True,4,Deferred maintenance,Major equipment rupture with fire escalation,High,Complete overdue inspection,Closed,1,12_High_Potential
12_H-018,2026-03-02,VDU,P-204,Material Handling,Operations,Maintenance worker handled chemical line without chemical-resistant gloves | Hot work continued before required gas test was completed | Pressure safety valve inspection was overdue | Pipeline corrosion had appeared in two previous inspections,True,True,True,True,0,Unsafe condition,Major hydrocarbon release followed by flash fire,High,Stop work and enforce PPE,In Progress,1,12_High_Potential
12_H-019,2025-04-24,Loading Bay,P-204,Breakdown Maintenance,Mechanical Maintenance,Maintenance worker handled chemical line without chemical-resistant gloves | Work continued after permit expiry | Pump abnormal vibration inspection was postponed | Loose flange had been reported during two previous rounds,True,True,True,True,1,Inadequate supervision,Major hydrocarbon release followed by flash fire,Critical,Review permit and JSA,Overdue,1,12_High_Potential
12_H-020,2026-06-07,Tank Farm,P-204,Preventive Maintenance,Mechanical Maintenance,Contractor used damaged safety shoes | Welding continued near hydrocarbon equipment without adequate controls | Pump abnormal vibration inspection was postponed | Pipeline corrosion had appeared in two previous inspections,True,True,True,True,3,Unsafe act,Major hydrocarbon release followed by flash fire,High,Review permit and JSA,In Progress,1,12_High_Potential
12_H-021,2024-09-30,Utilities,C-102,Breakdown Maintenance,Instrumentation,Worker selected unsuitable respiratory protection for task | Minor leakage was observed but work was allowed to continue | Emergency shutdown button was defective and replacement was delayed | Loose flange had been reported during two previous rounds,True,True,True,True,2,Procedure not followed,Explosion with multiple potential fatalities,High,Review permit and JSA,Closed,1,12_High_Potential
12_H-022,2024-02-24,Utilities,P-305,Hot Work,HSE,Welder worked without fire-resistant clothing | Lifting operation continued despite unsafe weather conditions | Pump abnormal vibration inspection was postponed | Pump leakage had been reported twice previously,True,True,True,True,3,Procedure not followed,Major hydrocarbon release followed by flash fire,Critical,Review permit and JSA,Overdue,1,12_High_Potential
12_H-023,2024-04-21,VDU,E-207,Preventive Maintenance,Electrical Maintenance,Maintenance worker handled chemical line without chemical-resistant gloves | Hot work continued before required gas test was completed | Corrosion on process pipeline was identified but repair was deferred | Compressor abnormal vibration had been reported three times,True,True,True,True,0,Unsafe condition,Major hydrocarbon release followed by flash fire,Critical,Escalate recurring issue to HSE and management,Overdue,1,12_High_Potential
12_H-024,2025-02-05,Maintenance Area,C-204,Routine Operation,Operations,Technician performed grinding without face shield | Welding continued near hydrocarbon equipment without adequate controls | Pressure safety valve inspection was overdue | Oil accumulation near pump had generated repeated housekeeping complaints,True,True,True,True,1,Unsafe condition,Explosion with multiple potential fatalities,Critical,Escalate recurring issue to HSE and management,Overdue,1,12_High_Potential
12_H-025,2026-01-26,CDU,FCC-LINE-08,Material Handling,Instrumentation,Maintenance worker handled chemical line without chemical-resistant gloves | Maintenance continued without confirmed isolation | Cooling-water restriction remained unresolved | Compressor abnormal vibration had been reported three times,True,True,True,True,1,Inadequate supervision,Major hydrocarbon release followed by flash fire,Critical,Stop work and enforce PPE,In Progress,1,12_High_Potential
12_H-026,2024-09-27,VDU,P-101,Routine Operation,HSE,Worker worked at height without connecting safety harness | Supervisor observed missing PPE but allowed work to continue | Repeated mechanical seal leakage was deferred to shutdown | Loose flange had been reported during two previous rounds,True,True,True,True,3,Equipment degradation,Toxic gas release affecting multiple workers,High,Complete overdue inspection,In Progress,1,12_High_Potential
12_H-027,2025-06-21,Hydrotreating Unit,FCC-LINE-08,Material Handling,Electrical Maintenance,Worker worked at height without connecting safety harness | Hot work continued before required gas test was completed | Pump abnormal vibration inspection was postponed | Pipeline corrosion had appeared in two previous inspections,True,True,True,True,2,Inadequate supervision,Major equipment rupture with fire escalation,Critical,Review permit and JSA,Open,1,12_High_Potential
12_H-028,2026-04-27,Utilities,GD-22,Inspection,Contractor,Welder worked without fire-resistant clothing | Lifting operation continued despite unsafe weather conditions | Damaged electrical cable received only temporary protection | Valve leakage had repeatedly been treated only with temporary packing adjustment,True,True,True,True,3,Unsafe condition,Major hydrocarbon release followed by flash fire,High,Complete overdue inspection,Overdue,1,12_High_Potential
12_H-029,2024-02-01,Loading Bay,E-101,Breakdown Maintenance,Electrical Maintenance,Worker bypassed mandatory PPE because task was considered short | Repeated contractor PPE violations were not escalated | Cooling-water restriction remained unresolved | Poor lighting had been reported repeatedly,True,True,True,True,0,Equipment degradation,Explosion with multiple potential fatalities,High,Complete overdue inspection,Closed,1,12_High_Potential
12_H-030,2025-02-04,Tank Farm,CDU-LINE-14,Work at Height,Electrical Maintenance,Welder worked without fire-resistant clothing | Confined-space work continued without continuous attendant supervision | Corrosion on process pipeline was identified but repair was deferred | Pump leakage had been reported twice previously,True,True,True,True,4,Unsafe act,Toxic gas release affecting multiple workers,High,Stop work and enforce PPE,Overdue,1,12_High_Potential
12_H-031,2026-08-07,VDU,PSV-114,Hot Work,Operations,Worker selected unsuitable respiratory protection for task | Maintenance continued without confirmed isolation | Damaged electrical cable received only temporary protection | Pipeline corrosion had appeared in two previous inspections,True,True,True,True,4,Deferred maintenance,Explosion with multiple potential fatalities,Critical,Stop work and enforce PPE,In Progress,1,12_High_Potential
12_H-032,2024-10-16,FCC,V-110,Hot Work,HSE,Worker entered process area without safety helmet | Work continued after permit expiry | Pressure safety valve inspection was overdue | Pump leakage had been reported twice previously,True,True,True,True,3,Equipment degradation,Explosion with multiple potential fatalities,High,Increase supervisory monitoring,In Progress,1,12_High_Potential
12_H-033,2024-03-29,Sulfur Recovery Unit,C-102,Confined Space,Instrumentation,Worker worked at height without connecting safety harness | Welding continued near hydrocarbon equipment without adequate controls | Gas detector gave intermittent readings and maintenance ticket remained open | Valve leakage had repeatedly been treated only with temporary packing adjustment,True,True,True,True,0,Deferred maintenance,Toxic gas release affecting multiple workers,High,Stop work and enforce PPE,Closed,1,12_High_Potential
12_H-034,2026-07-31,Hydrotreating Unit,P-305,Confined Space,HSE,Worker bypassed mandatory PPE because task was considered short | Confined-space work continued without continuous attendant supervision | Pressure gauge malfunction remained awaiting replacement | Valve leakage had repeatedly been treated only with temporary packing adjustment,True,True,True,True,3,Unsafe condition,Major hydrocarbon release followed by flash fire,High,Complete overdue inspection,Closed,1,12_High_Potential
12_H-035,2024-03-28,Tank Farm,TK-302,Work at Height,HSE,Worker bypassed mandatory PPE because task was considered short | Work continued after permit expiry | Damaged electrical cable received only temporary protection | Gas detector abnormal readings had generated repeated reports,True,True,True,True,3,Equipment degradation,Major equipment rupture with fire escalation,High,Implement permanent corrective action,Closed,1,12_High_Potential
12_H-036,2025-04-24,VDU,PSV-114,Breakdown Maintenance,HSE,Contractor used damaged safety shoes | Work continued after permit expiry | Gas detector gave intermittent readings and maintenance ticket remained open | Emergency shower low pressure had been reported repeatedly,True,True,True,True,3,Inadequate supervision,Toxic gas release affecting multiple workers,High,Increase supervisory monitoring,In Progress,1,12_High_Potential
12_H-037,2025-08-17,CDU,E-101,Material Handling,Operations,Worker worked at height without connecting safety harness | Abnormal equipment vibration was reported but operation continued | Damaged electrical cable received only temporary protection | Valve leakage had repeatedly been treated only with temporary packing adjustment,True,True,True,True,2,Unsafe act,Toxic gas release affecting multiple workers,High,Stop work and enforce PPE,Closed,1,12_High_Potential
12_H-038,2026-04-29,Maintenance Area,FCC-LINE-08,Routine Operation,Contractor,Worker entered noisy compressor area without hearing protection | Abnormal equipment vibration was reported but operation continued | Pump abnormal vibration inspection was postponed | Pipeline corrosion had appeared in two previous inspections,True,True,True,True,4,Unsafe condition,Multiple casualties and major fire,High,Escalate recurring issue to HSE and management,In Progress,1,12_High_Potential
12_H-039,2025-07-29,VDU,P-101,Breakdown Maintenance,HSE,Worker worked at height without connecting safety harness | Welding continued near hydrocarbon equipment without adequate controls | Pressure gauge malfunction remained awaiting replacement | Pipeline corrosion had appeared in two previous inspections,True,True,True,True,2,Unsafe act,Multiple casualties and major fire,High,Escalate recurring issue to HSE and management,Open,1,12_High_Potential
12_H-040,2024-09-10,Utilities,E-101,Breakdown Maintenance,Mechanical Maintenance,Technician performed grinding without face shield | Work continued after permit expiry | Hydrocarbon leakage from process pipeline flange remained pending for repair | Bearing temperature had repeatedly been reported as abnormal,True,True,True,True,3,Corrective action not closed,Explosion with multiple potential fatalities,High,Increase supervisory monitoring,Closed,1,12_High_Potential
12_H-041,2026-04-21,Loading Bay,TK-302,Inspection,Instrumentation,Worker bypassed mandatory PPE because task was considered short | Hot work continued before required gas test was completed | Gas detector gave intermittent readings and maintenance ticket remained open | Gas detector abnormal readings had generated repeated reports,True,True,True,True,0,Deferred maintenance,Major hydrocarbon release followed by flash fire,High,Complete overdue inspection,Closed,1,12_High_Potential
12_H-042,2025-11-14,Utilities,P-305,Routine Operation,Electrical Maintenance,Worker bypassed mandatory PPE because task was considered short | Work continued after permit expiry | Cooling-water restriction remained unresolved | Pipeline corrosion had appeared in two previous inspections,True,True,True,True,3,Deferred maintenance,Toxic gas release affecting multiple workers,Critical,Stop work and enforce PPE,Overdue,1,12_High_Potential
12_H-043,2024-01-12,CDU,P-305,Work at Height,HSE,Worker entered process area without safety helmet | Abnormal equipment vibration was reported but operation continued | Emergency shutdown button was defective and replacement was delayed | Pump leakage had been reported twice previously,True,True,True,True,2,Corrective action not closed,Explosion with multiple potential fatalities,Critical,Increase supervisory monitoring,In Progress,1,12_High_Potential
12_H-044,2024-12-23,Hydrotreating Unit,V-215,Preventive Maintenance,Contractor,Worker removed gloves during maintenance and continued work | Hot work continued before required gas test was completed | Pressure gauge malfunction remained awaiting replacement | Gas detector abnormal readings had generated repeated reports,True,True,True,True,2,Deferred maintenance,Explosion with multiple potential fatalities,High,Review permit and JSA,Overdue,1,12_High_Potential
12_H-045,2025-09-12,Maintenance Area,GD-22,Confined Space,Operations,Worker bypassed mandatory PPE because task was considered short | Minor leakage was observed but work was allowed to continue | Damaged electrical cable received only temporary protection | Pipeline corrosion had appeared in two previous inspections,True,True,True,True,1,Unsafe act,Major equipment rupture with fire escalation,Critical,Stop work and enforce PPE,In Progress,1,12_High_Potential
12_H-046,2024-08-25,Utilities,P-204,Routine Operation,HSE,Technician performed grinding without face shield | Work continued after permit expiry | Emergency shutdown button was defective and replacement was delayed | Loose flange had been reported during two previous rounds,True,True,True,True,1,Inadequate supervision,Toxic gas release affecting multiple workers,High,Stop work and enforce PPE,Open,1,12_High_Potential
12_H-047,2026-05-17,FCC,FCC-LINE-08,Inspection,Mechanical Maintenance,Worker selected unsuitable respiratory protection for task | Lifting operation continued despite unsafe weather conditions | Repeated mechanical seal leakage was deferred to shutdown | Pump leakage had been reported twice previously,True,True,True,True,1,Inadequate supervision,Toxic gas release affecting multiple workers,Critical,Review permit and JSA,Overdue,1,12_High_Potential
12_H-048,2025-11-26,Hydrogen Unit,P-101,Breakdown Maintenance,Operations,Maintenance worker handled chemical line without chemical-resistant gloves | Welding continued near hydrocarbon equipment without adequate controls | Pressure gauge malfunction remained awaiting replacement | Emergency shower low pressure had been reported repeatedly,True,True,True,True,4,Inadequate supervision,Multiple casualties and major fire,High,Increase supervisory monitoring,Overdue,1,12_High_Potential
12_H-049,2025-08-04,Sulfur Recovery Unit,V-110,Breakdown Maintenance,Operations,Worker entered noisy compressor area without hearing protection | Maintenance continued without confirmed isolation | Damaged electrical cable received only temporary protection | Oil accumulation near pump had generated repeated housekeeping complaints,True,True,True,True,1,Deferred maintenance,Major equipment rupture with fire escalation,Critical,Review permit and JSA,Overdue,1,12_High_Potential
12_H-050,2026-06-13,CDU,CDU-LINE-14,Work at Height,Operations,Worker bypassed mandatory PPE because task was considered short | Hot work continued before required gas test was completed | Pressure gauge malfunction remained awaiting replacement | Bearing temperature had repeatedly been reported as abnormal,True,True,True,True,2,Unsafe condition,Major hydrocarbon release followed by flash fire,Critical,Increase supervisory monitoring,Closed,1,12_High_Potential
12_H-051,2026-08-02,Maintenance Area,E-207,Hot Work,Instrumentation,Contractor used damaged safety shoes | Lifting operation continued despite unsafe weather conditions | Pump abnormal vibration inspection was postponed | Gas detector abnormal readings had generated repeated reports,True,True,True,True,2,Procedure not followed,Major equipment rupture with fire escalation,High,Stop work and enforce PPE,Open,1,12_High_Potential
12_H-052,2025-08-19,FCC,C-102,Work at Height,Contractor,Welder worked without fire-resistant clothing | Supervisor observed missing PPE but allowed work to continue | Hydrocarbon leakage from process pipeline flange remained pending for repair | Loose flange had been reported during two previous rounds,True,True,True,True,3,Unsafe act,Multiple casualties and major fire,Critical,Repair/replace defective equipment,Overdue,1,12_High_Potential
12_H-053,2024-03-15,Hydrotreating Unit,TK-302,Routine Operation,Operations,Worker entered noisy compressor area without hearing protection | Hot work continued before required gas test was completed | Gas detector gave intermittent readings and maintenance ticket remained open | Valve leakage had repeatedly been treated only with temporary packing adjustment,True,True,True,True,4,Unsafe act,Major hydrocarbon release followed by flash fire,Critical,Review permit and JSA,In Progress,1,12_High_Potential
12_H-054,2025-10-27,Maintenance Area,GD-22,Confined Space,Contractor,Contractor used damaged safety shoes | Work continued after permit expiry | Pressure safety valve inspection was overdue | Poor lighting had been reported repeatedly,True,True,True,True,0,Equipment degradation,Major equipment rupture with fire escalation,High,Implement permanent corrective action,Open,1,12_High_Potential
12_H-055,2025-07-19,Tank Farm,P-204,Work at Height,Electrical Maintenance,Worker entered process area without safety helmet | Repeated contractor PPE violations were not escalated | Gas detector gave intermittent readings and maintenance ticket remained open | Gas detector abnormal readings had generated repeated reports,True,True,True,True,3,Unsafe condition,Multiple casualties and major fire,High,Complete overdue inspection,Overdue,1,12_High_Potential
12_H-056,2026-07-29,Hydrogen Unit,GD-22,Routine Operation,Operations,Maintenance worker handled chemical line without chemical-resistant gloves | Welding continued near hydrocarbon equipment without adequate controls | Pump abnormal vibration inspection was postponed | Valve leakage had repeatedly been treated only with temporary packing adjustment,True,True,True,True,0,Unsafe act,Multiple casualties and major fire,High,Repair/replace defective equipment,Overdue,1,12_High_Potential
12_H-057,2024-07-03,VDU,FCC-LINE-08,Preventive Maintenance,Operations,Worker entered process area without safety helmet | Lifting operation continued despite unsafe weather conditions | Cooling-water restriction remained unresolved | Valve leakage had repeatedly been treated only with temporary packing adjustment,True,True,True,True,1,Inadequate supervision,Toxic gas release affecting multiple workers,Critical,Escalate recurring issue to HSE and management,In Progress,1,12_High_Potential
12_H-058,2025-05-21,Loading Bay,E-207,Preventive Maintenance,Operations,Maintenance worker handled chemical line without chemical-resistant gloves | Work continued after permit expiry | Pressure safety valve inspection was overdue | Loose flange had been reported during two previous rounds,True,True,True,True,4,Inadequate supervision,Explosion with multiple potential fatalities,Critical,Review permit and JSA,Overdue,1,12_High_Potential
12_H-059,2024-10-13,CDU,C-102,Material Handling,Contractor,Maintenance worker handled chemical line without chemical-resistant gloves | Maintenance continued without confirmed isolation | Damaged electrical cable received only temporary protection | Poor lighting had been reported repeatedly,True,True,True,True,2,Corrective action not closed,Major hydrocarbon release followed by flash fire,Critical,Review permit and JSA,Open,1,12_High_Potential
12_H-060,2024-01-22,Maintenance Area,V-215,Material Handling,Operations,Worker entered process area without safety helmet | Confined-space work continued without continuous attendant supervision | Pressure safety valve inspection was overdue | Valve leakage had repeatedly been treated only with temporary packing adjustment,True,True,True,True,3,Corrective action not closed,Explosion with multiple potential fatalities,High,Review permit and JSA,Overdue,1,12_High_Potential
12_H-061,2025-03-30,Sulfur Recovery Unit,P-101,Work at Height,Electrical Maintenance,Maintenance worker handled chemical line without chemical-resistant gloves | Welding continued near hydrocarbon equipment without adequate controls | Gas detector gave intermittent readings and maintenance ticket remained open | Gas detector abnormal readings had generated repeated reports,True,True,True,True,3,Corrective action not closed,Major equipment rupture with fire escalation,High,Increase supervisory monitoring,In Progress,1,12_High_Potential
12_H-062,2026-02-14,Loading Bay,E-101,Confined Space,HSE,Worker entered noisy compressor area without hearing protection | Abnormal equipment vibration was reported but operation continued | Gas detector gave intermittent readings and maintenance ticket remained open | Emergency shower low pressure had been reported repeatedly,True,True,True,True,0,Equipment degradation,Explosion with multiple potential fatalities,Critical,Escalate recurring issue to HSE and management,Closed,1,12_High_Potential
12_H-063,2024-06-15,Hydrotreating Unit,V-110,Confined Space,Operations,Worker selected unsuitable respiratory protection for task | Welding continued near hydrocarbon equipment without adequate controls | Pressure gauge malfunction remained awaiting replacement | Pump leakage had been reported twice previously,True,True,True,True,2,Procedure not followed,Major equipment rupture with fire escalation,High,Complete overdue inspection,Closed,1,12_High_Potential
12_H-064,2024-10-02,Tank Farm,P-101,Material Handling,Operations,Worker bypassed mandatory PPE because task was considered short | Supervisor observed missing PPE but allowed work to continue | Pump abnormal vibration inspection was postponed | Pipeline corrosion had appeared in two previous inspections,True,True,True,True,4,Deferred maintenance,Toxic gas release affecting multiple workers,High,Stop work and enforce PPE,Closed,1,12_High_Potential
12_H-065,2025-05-06,Hydrotreating Unit,PSV-114,Hot Work,Electrical Maintenance,Contractor used damaged safety shoes | Supervisor observed missing PPE but allowed work to continue | Repeated mechanical seal leakage was deferred to shutdown | Compressor abnormal vibration had been reported three times,True,True,True,True,2,Corrective action not closed,Major hydrocarbon release followed by flash fire,Critical,Review permit and JSA,In Progress,1,12_High_Potential
12_H-066,2024-08-20,Sulfur Recovery Unit,P-101,Inspection,Operations,Worker worked at height without connecting safety harness | Abnormal equipment vibration was reported but operation continued | Hydrocarbon leakage from process pipeline flange remained pending for repair | Poor lighting had been reported repeatedly,True,True,True,True,0,Equipment degradation,Major equipment rupture with fire escalation,Critical,Complete overdue inspection,Closed,1,12_High_Potential
12_H-067,2024-01-17,Loading Bay,P-204,Inspection,Mechanical Maintenance,Worker removed gloves during maintenance and continued work | Supervisor observed missing PPE but allowed work to continue | Repeated mechanical seal leakage was deferred to shutdown | Poor lighting had been reported repeatedly,True,True,True,True,2,Inadequate supervision,Multiple casualties and major fire,Critical,Escalate recurring issue to HSE and management,Closed,1,12_High_Potential
12_H-068,2026-04-29,Utilities,FCC-LINE-08,Work at Height,Instrumentation,Technician performed grinding without face shield | Repeated contractor PPE violations were not escalated | Pressure safety valve inspection was overdue | Gas detector abnormal readings had generated repeated reports,True,True,True,True,0,Inadequate supervision,Explosion with multiple potential fatalities,Critical,Escalate recurring issue to HSE and management,Open,1,12_High_Potential
12_H-069,2024-06-13,Loading Bay,TK-302,Work at Height,Mechanical Maintenance,Worker entered process area without safety helmet | Confined-space work continued without continuous attendant supervision | Pressure gauge malfunction remained awaiting replacement | Valve leakage had repeatedly been treated only with temporary packing adjustment,True,True,True,True,0,Deferred maintenance,Explosion with multiple potential fatalities,High,Increase supervisory monitoring,Open,1,12_High_Potential
12_H-070,2025-11-03,CDU,CDU-LINE-14,Material Handling,Contractor,Contractor used damaged safety shoes | Hot work continued before required gas test was completed | Pump abnormal vibration inspection was postponed | Poor lighting had been reported repeatedly,True,True,True,True,4,Procedure not followed,Major equipment rupture with fire escalation,High,Escalate recurring issue to HSE and management,Overdue,1,12_High_Potential
12_H-071,2024-11-20,Sulfur Recovery Unit,TK-302,Preventive Maintenance,Contractor,Maintenance worker handled chemical line without chemical-resistant gloves | Abnormal equipment vibration was reported but operation continued | Pressure safety valve inspection was overdue | Poor lighting had been reported repeatedly,True,True,True,True,2,Unsafe condition,Toxic gas release affecting multiple workers,High,Review permit and JSA,Overdue,1,12_High_Potential
12_H-072,2025-01-05,Utilities,C-102,Breakdown Maintenance,HSE,Worker entered noisy compressor area without hearing protection | Minor leakage was observed but work was allowed to continue | Damaged electrical cable received only temporary protection | Compressor abnormal vibration had been reported three times,True,True,True,True,2,Unsafe condition,Toxic gas release affecting multiple workers,High,Increase supervisory monitoring,Overdue,1,12_High_Potential
12_H-073,2025-11-21,Loading Bay,P-305,Material Handling,Contractor,Worker bypassed mandatory PPE because task was considered short | Confined-space work continued without continuous attendant supervision | Pressure safety valve inspection was overdue | Loose flange had been reported during two previous rounds,True,True,True,True,2,Corrective action not closed,Toxic gas release affecting multiple workers,Critical,Repair/replace defective equipment,In Progress,1,12_High_Potential
12_H-074,2026-06-16,Utilities,P-101,Breakdown Maintenance,Operations,Worker entered process area without safety helmet | Maintenance continued without confirmed isolation | Pump abnormal vibration inspection was postponed | Emergency shower low pressure had been reported repeatedly,True,True,True,True,2,Unsafe condition,Multiple casualties and major fire,High,Escalate recurring issue to HSE and management,Overdue,1,12_High_Potential
12_H-075,2026-07-14,Maintenance Area,CDU-LINE-14,Preventive Maintenance,Contractor,Worker entered noisy compressor area without hearing protection | Maintenance continued without confirmed isolation | Gas detector gave intermittent readings and maintenance ticket remained open | Bearing temperature had repeatedly been reported as abnormal,True,True,True,True,1,Unsafe act,Explosion with multiple potential fatalities,Critical,Stop work and enforce PPE,Closed,1,12_High_Potential
12_H-076,2026-08-30,CDU,CDU-LINE-14,Work at Height,Contractor,Contractor used damaged safety shoes | Work continued after permit expiry | Gas detector gave intermittent readings and maintenance ticket remained open | Pipeline corrosion had appeared in two previous inspections,True,True,True,True,3,Equipment degradation,Major hydrocarbon release followed by flash fire,High,Review permit and JSA,Overdue,1,12_High_Potential
12_H-077,2024-11-24,CDU,CDU-LINE-14,Confined Space,Electrical Maintenance,Worker worked at height without connecting safety harness | Minor leakage was observed but work was allowed to continue | Repeated mechanical seal leakage was deferred to shutdown | Pipeline corrosion had appeared in two previous inspections,True,True,True,True,0,Inadequate supervision,Explosion with multiple potential fatalities,Critical,Review permit and JSA,Closed,1,12_High_Potential
12_H-078,2026-02-14,Sulfur Recovery Unit,C-204,Breakdown Maintenance,Operations,Worker worked at height without connecting safety harness | Supervisor observed missing PPE but allowed work to continue | Corrosion on process pipeline was identified but repair was deferred | Emergency shower low pressure had been reported repeatedly,True,True,True,True,4,Inadequate supervision,Multiple casualties and major fire,Critical,Complete overdue inspection,Overdue,1,12_High_Potential
12_H-079,2025-03-25,Hydrogen Unit,E-207,Breakdown Maintenance,Operations,Worker worked at height without connecting safety harness | Confined-space work continued without continuous attendant supervision | Pressure safety valve inspection was overdue | Valve leakage had repeatedly been treated only with temporary packing adjustment,True,True,True,True,0,Procedure not followed,Multiple casualties and major fire,High,Stop work and enforce PPE,In Progress,1,12_High_Potential
12_H-080,2024-01-07,Hydrotreating Unit,P-204,Preventive Maintenance,Instrumentation,Worker entered process area without safety helmet | Lifting operation continued despite unsafe weather conditions | Corrosion on process pipeline was identified but repair was deferred | Pipeline corrosion had appeared in two previous inspections,True,True,True,True,4,Deferred maintenance,Toxic gas release affecting multiple workers,High,Review permit and JSA,Closed,1,12_High_Potential
12_H-081,2024-03-29,Sulfur Recovery Unit,C-204,Material Handling,Contractor,Welder worked without fire-resistant clothing | Hot work continued before required gas test was completed | Cooling-water restriction remained unresolved | Compressor abnormal vibration had been reported three times,True,True,True,True,1,Equipment degradation,Major equipment rupture with fire escalation,High,Escalate recurring issue to HSE and management,Open,1,12_High_Potential
12_H-082,2025-12-24,Hydrogen Unit,P-305,Confined Space,Mechanical Maintenance,Worker entered process area without safety helmet | Repeated contractor PPE violations were not escalated | Pump abnormal vibration inspection was postponed | Bearing temperature had repeatedly been reported as abnormal,True,True,True,True,2,Equipment degradation,Multiple casualties and major fire,High,Repair/replace defective equipment,Closed,1,12_High_Potential
12_H-083,2025-04-26,Utilities,P-204,Material Handling,HSE,Worker selected unsuitable respiratory protection for task | Maintenance continued without confirmed isolation | Emergency shutdown button was defective and replacement was delayed | Pipeline corrosion had appeared in two previous inspections,True,True,True,True,1,Procedure not followed,Multiple casualties and major fire,High,Repair/replace defective equipment,In Progress,1,12_High_Potential
12_H-084,2024-02-09,Hydrogen Unit,C-204,Material Handling,Instrumentation,Welder worked without fire-resistant clothing | Abnormal equipment vibration was reported but operation continued | Gas detector gave intermittent readings and maintenance ticket remained open | Valve leakage had repeatedly been treated only with temporary packing adjustment,True,True,True,True,1,Corrective action not closed,Explosion with multiple potential fatalities,High,Implement permanent corrective action,Overdue,1,12_High_Potential
12_H-085,2025-09-04,Sulfur Recovery Unit,C-102,Confined Space,Operations,Worker removed gloves during maintenance and continued work | Work continued after permit expiry | Pressure safety valve inspection was overdue | Compressor abnormal vibration had been reported three times,True,True,True,True,1,Unsafe condition,Toxic gas release affecting multiple workers,Critical,Review permit and JSA,Closed,1,12_High_Potential
12_H-086,2025-11-07,Hydrotreating Unit,E-207,Inspection,Instrumentation,Worker entered noisy compressor area without hearing protection | Repeated contractor PPE violations were not escalated | Pressure gauge malfunction remained awaiting replacement | Oil accumulation near pump had generated repeated housekeeping complaints,True,True,True,True,3,Unsafe act,Explosion with multiple potential fatalities,High,Escalate recurring issue to HSE and management,Closed,1,12_High_Potential
12_H-087,2024-09-24,Hydrogen Unit,V-110,Routine Operation,Electrical Maintenance,Contractor used damaged safety shoes | Repeated contractor PPE violations were not escalated | Emergency shutdown button was defective and replacement was delayed | Emergency shower low pressure had been reported repeatedly,True,True,True,True,3,Deferred maintenance,Toxic gas release affecting multiple workers,Critical,Review permit and JSA,In Progress,1,12_High_Potential
12_H-088,2025-08-09,Utilities,P-204,Work at Height,Electrical Maintenance,Worker removed gloves during maintenance and continued work | Welding continued near hydrocarbon equipment without adequate controls | Pump abnormal vibration inspection was postponed | Valve leakage had repeatedly been treated only with temporary packing adjustment,True,True,True,True,4,Corrective action not closed,Multiple casualties and major fire,High,Increase supervisory monitoring,Open,1,12_High_Potential
12_H-089,2025-11-01,Hydrotreating Unit,PSV-114,Breakdown Maintenance,Electrical Maintenance,Worker removed gloves during maintenance and continued work | Welding continued near hydrocarbon equipment without adequate controls | Cooling-water restriction remained unresolved | Bearing temperature had repeatedly been reported as abnormal,True,True,True,True,1,Inadequate supervision,Major hydrocarbon release followed by flash fire,Critical,Review permit and JSA,In Progress,1,12_High_Potential
12_H-090,2025-07-20,Hydrotreating Unit,C-204,Routine Operation,Mechanical Maintenance,Worker entered process area without safety helmet | Supervisor observed missing PPE but allowed work to continue | Hydrocarbon leakage from process pipeline flange remained pending for repair | Bearing temperature had repeatedly been reported as abnormal,True,True,True,True,0,Equipment degradation,Major hydrocarbon release followed by flash fire,High,Increase supervisory monitoring,In Progress,1,12_High_Potential
12_H-091,2024-02-04,Utilities,P-101,Routine Operation,Contractor,Technician performed grinding without face shield | Repeated contractor PPE violations were not escalated | Gas detector gave intermittent readings and maintenance ticket remained open | Gas detector abnormal readings had generated repeated reports,True,True,True,True,2,Corrective action not closed,Major equipment rupture with fire escalation,High,Escalate recurring issue to HSE and management,In Progress,1,12_High_Potential
12_H-092,2024-04-07,Hydrogen Unit,P-204,Hot Work,Contractor,Maintenance worker handled chemical line without chemical-resistant gloves | Abnormal equipment vibration was reported but operation continued | Pressure safety valve inspection was overdue | Loose flange had been reported during two previous rounds,True,True,True,True,3,Procedure not followed,Toxic gas release affecting multiple workers,Critical,Review permit and JSA,Overdue,1,12_High_Potential
12_H-093,2024-10-25,CDU,E-101,Confined Space,Electrical Maintenance,Technician performed grinding without face shield | Welding continued near hydrocarbon equipment without adequate controls | Gas detector gave intermittent readings and maintenance ticket remained open | Bearing temperature had repeatedly been reported as abnormal,True,True,True,True,2,Corrective action not closed,Toxic gas release affecting multiple workers,High,Escalate recurring issue to HSE and management,Open,1,12_High_Potential
12_H-094,2025-04-08,Sulfur Recovery Unit,P-305,Preventive Maintenance,Operations,Worker bypassed mandatory PPE because task was considered short | Supervisor observed missing PPE but allowed work to continue | Gas detector gave intermittent readings and maintenance ticket remained open | Poor lighting had been reported repeatedly,True,True,True,True,3,Procedure not followed,Explosion with multiple potential fatalities,High,Repair/replace defective equipment,In Progress,1,12_High_Potential
12_H-095,2026-06-04,Tank Farm,C-204,Confined Space,Electrical Maintenance,Worker bypassed mandatory PPE because task was considered short | Welding continued near hydrocarbon equipment without adequate controls | Pump abnormal vibration inspection was postponed | Gas detector abnormal readings had generated repeated reports,True,True,True,True,3,Equipment degradation,Multiple casualties and major fire,High,Complete overdue inspection,In Progress,1,12_High_Potential
12_H-096,2024-02-07,Tank Farm,V-110,Inspection,Electrical Maintenance,Worker bypassed mandatory PPE because task was considered short | Abnormal equipment vibration was reported but operation continued | Gas detector gave intermittent readings and maintenance ticket remained open | Pump leakage had been reported twice previously,True,True,True,True,2,Deferred maintenance,Major equipment rupture with fire escalation,Critical,Implement permanent corrective action,Overdue,1,12_High_Potential
12_H-097,2025-06-10,Hydrogen Unit,E-101,Preventive Maintenance,Operations,Technician performed grinding without face shield | Repeated contractor PPE violations were not escalated | Pump abnormal vibration inspection was postponed | Emergency shower low pressure had been reported repeatedly,True,True,True,True,1,Deferred maintenance,Major hydrocarbon release followed by flash fire,High,Review permit and JSA,In Progress,1,12_High_Potential
12_H-098,2025-10-03,Hydrotreating Unit,E-207,Work at Height,HSE,Worker worked at height without connecting safety harness | Minor leakage was observed but work was allowed to continue | Gas detector gave intermittent readings and maintenance ticket remained open | Emergency shower low pressure had been reported repeatedly,True,True,True,True,0,Inadequate supervision,Explosion with multiple potential fatalities,Critical,Escalate recurring issue to HSE and management,In Progress,1,12_High_Potential
12_H-099,2024-05-24,Sulfur Recovery Unit,TK-302,Breakdown Maintenance,Mechanical Maintenance,Worker removed gloves during maintenance and continued work | Welding continued near hydrocarbon equipment without adequate controls | Repeated mechanical seal leakage was deferred to shutdown | Loose flange had been reported during two previous rounds,True,True,True,True,4,Procedure not followed,Major hydrocarbon release followed by flash fire,Critical,Implement permanent corrective action,Overdue,1,12_High_Potential
12_H-100,2024-01-11,VDU,E-207,Material Handling,Electrical Maintenance,Contractor used damaged safety shoes | Maintenance continued without confirmed isolation | Pressure gauge malfunction remained awaiting replacement | Oil accumulation near pump had generated repeated housekeeping complaints,True,True,True,True,0,Unsafe act,Major hydrocarbon release followed by flash fire,High,Stop work and enforce PPE,Overdue,1,12_High_Potential
